-1.01451353568538E-05,-1.68929876198654E-08,-1.08492614891986E-09,1.89354265600628E-09,2.65166812951634E-07,-2.07736016999416E-08,-2.14336727311082E-07,2.33667820648265E-08
-1.01451353568538E-05,-1.68929876198654E-08,-1.08492614891986E-09,1.89354265600628E-09,2.58039735578919E-07,-2.19806590151528E-08,-1.87458615075187E-07,3.15048359622594E-08
-1.02887555670783E-05,-1.68929876198654E-08,-2.22319496145928E-09,1.89354265600628E-09,5.20214392341067E-07,-8.97427876456192E-09,-4.17717502143589E-07,2.29058192413589E-08
-1.02887555670783E-05,-4.17041373101945E-08,-2.22319496145928E-09,6.22112494852445E-09,4.64278777867477E-07,-6.16990103174953E-08,-3.67533985801138E-07,7.07118568143983E-08
-1.02887555670783E-05,-4.17041373101945E-08,-2.22319496145928E-09,6.22112494852445E-09,4.55750361227913E-07,-6.19305522975289E-08,-3.25708121362567E-07,8.2373221022003E-08
-1.04350594059277E-05,-4.17041373101945E-08,-2.74645728381984E-09,6.22112494852445E-09,6.96009207379333E-07,-5.11922971790924E-08,-5.45469122426034E-07,7.5130454746386E-08
-1.04350594059277E-05,-7.15711087062587E-08,-2.74645728381984E-09,1.26622894391915E-08,6.34129307175435E-07,-1.10606070885533E-07,-4.9059206824742E-07,1.28684320532813E-07
-1.04350594059277E-05,-7.15711087062587E-08,-2.74645728381984E-09,1.26622894391915E-08,6.25459189329547E-07,-1.09421754712624E-07,-4.3798012216989E-07,1.42264702573947E-07
-1.05862403311369E-05,-7.15711087062587E-08,-2.46395881475792E-09,1.26622894391915E-08,8.55346043993066E-07,-1.00033176658743E-07,-6.53658033367144E-07,1.35903398534865E-07
-1.05862403311369E-05,-1.05518532966808E-07,-2.46395881475792E-09,2.09648058913103E-08,7.91165337354905E-07,-1.628836008849E-07,-5.97920717493317E-07,1.9181940069668E-07
-1.05862403311369E-05,-1.05518532966808E-07,-2.46395881475792E-09,2.09648058913103E-08,7.82700829260463E-07,-1.6020861709487E-07,-5.36232162784422E-07,2.06673401170754E-07
-1.07435889497576E-05,-1.05518532966808E-07,-1.31798594260601E-09,2.09648058913103E-08,1.00843624317726E-06,-1.51683233917677E-07,-7.51570630841414E-07,2.00921879800475E-07
-1.07435889497576E-05,-1.43216703440974E-07,-1.31798594260601E-09,3.09783154683885E-08,9.43573774225825E-07,-2.16553241921824E-07,-6.96808766409429E-07,2.57625543231832E-07
-1.07435889497576E-05,-1.43216703440974E-07,-1.31798594260601E-09,3.09783154683885E-08,9.35504726129466E-07,-2.12378006653191E-07,-6.26864088415502E-07,2.73453494847864E-07
-1.09079374353005E-05,-1.43216703440974E-07,7.07479630435159E-10,3.09783154683885E-08,1.1605920252622E-06,-2.04449444485277E-07,-8.44054920401405E-07,2.6816079812253E-07
-1.09079374353005E-05,-1.8459116915559E-07,7.07479630435159E-10,4.26153405896912E-08,1.09580868234982E-06,-2.7070247513028E-07,-7.91217185436288E-07,3.24885287561472E-07
-1.09079374353005E-05,-1.8459116915559E-07,7.07479630435159E-10,4.26153405896912E-08,1.08832706147144E-06,-2.65016811940022E-07,-7.13460715173753E-07,3.41530043135307E-07
-1.10798763913109E-05,-1.8459116915559E-07,3.61389029812642E-09,4.26153405896912E-08,1.31483568144297E-06,-2.5753469987122E-07,-9.3382622934346E-07,3.36613786289242E-07
-1.10798763913109E-05,-2.2968286400582E-07,3.61389029812642E-09,5.58237971404196E-08,1.25047986665461E-06,-3.24909360499559E-07,-8.83420380293209E-07,3.92994541242864E-07
-1.10798763913109E-05,-2.2968286400582E-07,3.61389029812642E-09,5.58237971404196E-08,1.24380506361099E-06,-3.17690921125546E-07,-7.98114664246619E-07,4.10364331182578E-07
-1.12598690132117E-05,-2.2968286400582E-07,7.39748662326178E-09,5.58237971404196E-08,1.47302753361611E-06,-3.10567961903097E-07,-1.022493304359E-06,4.0578100868327E-07
-1.12598690132117E-05,-2.78592004132605E-07,7.39748662326178E-09,7.05719207516608E-08,1.40923164915208E-06,-3.78999429201388E-07,-9.74790951402404E-07,4.61669814710852E-07
-1.12598690132117E-05,-2.78592004132605E-07,7.39748662326178E-09,7.05719207516608E-08,1.40360694145247E-06,-3.70214297024107E-07,-8.82102479726754E-07,4.79704627243116E-07
-1.14483131157181E-05,-2.78592004132605E-07,1.20531249425682E-08,7.05719207516608E-08,1.63640956230005E-06,-3.63398213187871E-07,-1.11106487266088E-06,4.75432983537694E-07
-1.14483131157181E-05,-3.31453673646509E-07,1.20531249425682E-08,8.68404872456097E-08,1.57318713911447E-06,-4.32930539778775E-07,-1.06620570811122E-06,5.30803933362911E-07
-1.14483131157181E-05,-3.31453673646509E-07,1.20531249425682E-08,8.68404872456097E-08,1.56887215263524E-06,-4.2253583934504E-07,-9.66247959643951E-07,5.49459085896764E-07
-1.1645575222017E-05,-3.31453673646509E-07,1.75761112330974E-08,8.68404872456097E-08,1.8058881506855E-06,-4.15994017927135E-07,-1.20021862437536E-06,5.45490786207914E-07
-1.1645575222017E-05,-3.88426726227742E-07,1.75761112330974E-08,1.04618891771935E-07,1.7431857904926E-06,-4.86733781085436E-07,-1.15826721158729E-06,6.00389572613658E-07
-1.1645575222017E-05,-3.88426726227742E-07,1.75761112330974E-08,1.04618891771935E-07,1.74045020751024E-06,-4.74680011491868E-07,-1.05112408665953E-06,6.19627118614297E-07
-1.18520092370067E-05,-3.88426726227742E-07,2.3963179884845E-08,1.04618891771935E-07,1.98218857105914E-06,-4.68390899122095E-07,-1.29045072416734E-06,6.15961473049431E-07
-1.18520092370067E-05,-4.49688767195644E-07,2.3963179884845E-08,1.23903208582021E-07,1.91991511233613E-06,-5.40481589220154E-07,-1.25142875206929E-06,6.70476983710699E-07
-1.18520092370067E-05,-4.49688767195644E-07,2.3963179884845E-08,1.23903208582021E-07,1.9190341553621E-06,-5.26714355381097E-07,-1.13716759697624E-06,6.9026117877069E-07
-1.20679664277201E-05,-4.49688767195644E-07,3.12130379320763E-08,1.23903208582021E-07,2.16594210966647E-06,-5.20662540970385E-07,-1.38216120748602E-06,6.86902115965005E-07
-1.20679664277201E-05,-5.15434088771416E-07,3.12130379320763E-08,1.4469524689531E-07,2.1039854971594E-06,-5.94270063145053E-07,-1.34606632318235E-06,7.4115014059295E-07
-1.20679664277201E-05,-5.15434088771416E-07,3.12130379320763E-08,1.4469524689531E-07,2.10523677446339E-06,-5.78731308376046E-07,-1.22474480979129E-06,7.61445219543688E-07
-1.22938003772333E-05,-5.15434088771416E-07,3.93266603726516E-08,1.4469524689531E-07,2.35773632417668E-06,-5.72904654494444E-07,-1.47570355790716E-06,7.58399509748209E-07
-1.22938003772333E-05,-5.85873106084822E-07,3.93266603726516E-08,1.67002103257374E-07,2.29597357126465E-06,-6.48209025427837E-07,-1.44252064593342E-06,8.12513213266364E-07
-1.22938003772333E-05,-5.85873106084822E-07,3.93266603726516E-08,1.67002103257374E-07,2.29963482933915E-06,-6.30837911991256E-07,-1.31418977855624E-06,8.33282556844672E-07
-1.25298689151593E-05,-5.85873106084822E-07,4.83074318324839E-08,1.67002103257374E-07,2.55814462524206E-06,-6.25225835840237E-07,-1.57141379364401E-06,8.30558727793473E-07
-1.25298689151593E-05,-6.61232581689042E-07,4.83074318324839E-08,1.90835952817991E-07,2.49644781846747E-06,-7.02416408981943E-07,-1.54112197014999E-06,8.84682939128467E-07
-1.25298689151593E-05,-6.61232581689042E-07,4.83074318324839E-08,1.90835952817991E-07,2.50279527569397E-06,-6.83149959990192E-07,-1.40582655916433E-06,9.05889104396707E-07
-1.27765341062791E-05,-6.61232581689042E-07,5.81611860894782E-08,1.90835952817991E-07,2.76774408425329E-06,-6.7774236402196E-07,-1.66962766345868E-06,9.03496742643561E-07
-1.27765341062791E-05,-7.41756277178318E-07,5.81611860894782E-08,2.16213948966981E-07,2.70598410245793E-06,-7.57015087206325E-07,-1.64220485054933E-06,9.57784385691163E-07
-1.27765341062791E-05,-7.41756277178318E-07,5.81611860894782E-08,2.16213948966981E-07,2.71529115913882E-06,-7.35788664912862E-07,-1.49998230092319E-06,9.79389674582443E-07
-1.30341608597651E-05,-7.41756277178318E-07,6.88961772077334E-08,2.16213948966981E-07,2.98712645163679E-06,-7.30575236321251E-07,-1.77069086937376E-06,9.77338939889272E-07
-1.30341608597651E-05,-8.27705840200643E-07,6.88961772077334E-08,2.43158155388556E-07,2.92517536581993E-06,-8.12131084985956E-07,-1.7461170276345E-06,1.0319486490884E-06
-1.30341608597651E-05,-8.27705840200643E-07,6.88961772077334E-08,2.43158155388556E-07,2.93771156290035E-06,-7.88878754223732E-07,-1.59699500446031E-06,1.05391600968563E-06
-1.3303114424712E-05,-8.27705840200643E-07,8.05229969369492E-08,2.43158155388556E-07,3.21690518811923E-06,-7.83848475530147E-07,-1.87496515546837E-06,1.05221727020322E-06
-1.3303114424712E-05,-9.19361822046549E-07,8.05229969369492E-08,2.71695475451139E-07,3.15463790623305E-06,-8.67892565890871E-07,-1.85322479995254E-06,1.10731163394107E-06
-1.3303114424712E-05,-9.19361822046549E-07,8.05229969369492E-08,2.71695475451139E-07,3.17066805610722E-06,-8.42547375548564E-07,-1.69721816156709E-06,1.12960575771037E-06
-1.35837568649155E-05,-9.19361822046549E-07,9.30544510335807E-08,2.71695475451139E-07,3.4577200703767E-06,-8.37688157562244E-07,-1.98283191432669E-06,1.12826929155041E-06
-1.35837568649155E-05,-1.01702476201782E-06,9.30544510335807E-08,3.01857558060448E-07,3.39501555879362E-06,-9.24429248552738E-07,-1.96391627094172E-06,1.18401340398755E-06
-1.35837568649155E-05,-1.01702476201782E-06,9.30544510335807E-08,3.01857558060448E-07,3.41479899657049E-06,-8.96923454909993E-07,-1.80102354629952E-06,1.20660193114741E-06
-1.38764425009208E-05,-1.01702476201782E-06,1.06505399388723E-07,3.01857558060448E-07,3.71024021483812E-06,-8.92221842435648E-07,-2.09469425904718E-06,1.20563766625725E-06
-1.38764425009208E-05,-1.12101629402839E-06,1.06505399388723E-07,3.33680655106861E-07,3.64698249444295E-06,-9.81872051844523E-07,-2.07860326661979E-06,1.26219779850167E-06
-1.38764425009208E-05,-1.12101629402839E-06,1.06505399388723E-07,3.33680655106861E-07,3.67077241014702E-06,-9.52137304131851E-07,-1.90880289063777E-06,1.2850525659136E-06
-1.41815122424727E-05,-1.12101629402839E-06,1.20892559296593E-07,3.33680655106861E-07,3.97516594563552E-06,-9.47578227245005E-07,-2.21097811248239E-06,1.28446984037911E-06
-1.41815122424727E-05,-1.23168023807851E-06,1.20892559296593E-07,3.67205424289807E-07,3.91124498178019E-06,-1.04035285303922E-06,-2.19772238285731E-06,1.34201211698937E-06
-1.41815122424727E-05,-1.23168023807851E-06,1.20892559296593E-07,3.67205424289807E-07,3.93928779840458E-06,-1.00832036019002E-06,-2.0209688514905E-06,1.3651104096013E-06
-1.44992866914495E-05,-1.23168023807851E-06,1.36234274528135E-07,3.67205424289807E-07,4.25322967612107E-06,-1.00388691674086E-06,-2.33213261091603E-06,1.36491774238579E-06
-1.44992866914495E-05,-1.34938363823001E-06,1.36234274528135E-07,4.02476662220153E-07,4.18854224082388E-06,-1.10000429016238E-06,-2.32173540892777E-06,1.42360675237097E-06
-1.44992866914495E-05,-1.34938363823001E-06,1.36234274528135E-07,4.02476662220153E-07,4.22107700037699E-06,-1.06560498890421E-06,-2.13795548875684E-06,1.44693253001371E-06
-1.48300578684535E-05,-1.34938363823001E-06,1.52550247323191E-07,4.02476662220153E-07,4.54519581793988E-06,-1.06127825172647E-06,-2.45862997605428E-06,1.44713739558267E-06
-1.48300578684535E-05,-1.47451770394352E-06,1.52550247323191E-07,4.3954295492199E-07,4.47964637517728E-06,-1.16095956623555E-06,-2.45112925090218E-06,1.50713468494157E-06
-1.48300578684535E-05,-1.47451770394352E-06,1.52550247323191E-07,4.3954295492199E-07,4.51690409286609E-06,-1.12412431220801E-06,-2.26021835525447E-06,1.53067976571553E-06
-1.51740793982724E-05,-1.47451770394352E-06,1.6986123063667E-07,4.3954295492199E-07,4.85185963039481E-06,-1.11988315927049E-06,-2.59096490795585E-06,1.53128836632988E-06
-1.51740793982724E-05,-1.60749860269455E-06,1.6986123063667E-07,4.78456229746627E-07,4.78536128678542E-06,-1.22335222748488E-06,-2.58641539063742E-06,1.59275076894172E-06
-1.51740793982724E-05,-1.60749860269455E-06,1.6986123063667E-07,4.78456229746627E-07,4.82756422570674E-06,-1.18401203325069E-06,-2.38823421871981E-06,1.61651596097823E-06
-1.55315549832391E-05,-1.60749860269455E-06,1.88188676641943E-07,4.78456229746627E-07,5.17404484989825E-06,-1.17983300242444E-06,-2.72965348446785E-06,1.61753299277034E-06
-1.55315549832391E-05,-1.74876804052634E-06,1.88188676641943E-07,5.19271190491111E-07,5.10652040208726E-06,-1.28731589435493E-06,-2.72812885637741E-06,1.68061075922488E-06
-1.55315549832391E-05,-1.74876804052634E-06,1.88188676641943E-07,5.19271190491111E-07,5.15388121502536E-06,-1.24540224096664E-06,-2.52250038235147E-06,1.70460693704744E-06
-1.5902624998787E-05,-1.74876804052634E-06,2.07554339493043E-07,5.19271190491111E-07,5.51259988323949E-06,-1.2412594136979E-06,-2.87523150055424E-06,1.70603534666025E-06
-1.5902624998787E-05,-1.89879355298045E-06,2.07554339493043E-07,5.62044618401814E-07,5.44398299551219E-06,-1.3529839271581E-06,-2.87682663291378E-06,1.77087002439791E-06
-1.5902624998787E-05,-1.89879355298045E-06,2.07554339493043E-07,5.62044618401814E-07,5.49670367500088E-06,-1.30842917881596E-06,-2.66353352429416E-06,1.7951191494392E-06
-1.62873510641814E-05,-1.89879355298045E-06,2.27979827682745E-07,5.62044618401814E-07,5.86839231420111E-06,-1.30429409943289E-06,-3.0282521386038E-06,1.79695987723161E-06
-1.62873510641814E-05,-2.05806841223344E-06,2.27979827682745E-07,6.06834511973631E-07,5.79862885408122E-06,-1.42048900907132E-06,-3.03308539884028E-06,1.86368189469821E-06
-1.62873510641814E-05,-2.05806841223344E-06,2.27979827682745E-07,6.06834511973631E-07,5.85689942045331E-06,-1.37322696305842E-06,-2.81186794082178E-06,1.88821798541294E-06
-1.6685698480845E-05,-2.05806841223344E-06,2.49486101777663E-07,6.06834511973631E-07,6.24230142776128E-06,-1.36906860274955E-06,-3.1892828230573E-06,1.8904696930111E-06
-1.6685698480845E-05,-2.22711103673584E-06,2.49486101777663E-07,6.53699038455358E-07,6.17135099134636E-06,-1.48996262823442E-06,-3.19749843957773E-06,1.9591955900955E-06
-1.6685698480845E-05,-2.22711103673584E-06,2.49486101777663E-07,6.53699038455358E-07,6.2353478478272E-06,-1.43992923535424E-06,-2.96805304300651E-06,1.98406564433373E-06
-1.70975164927034E-05,-2.22711103673584E-06,2.72092919750833E-07,6.53699038455358E-07,6.63520844834675E-06,-1.43571401230169E-06,-3.35890108105197E-06,1.98672442563996E-06
-1.70975164927034E-05,-2.40646376864495E-06,2.72092919750833E-07,7.02695265530906E-07,6.56304610124892E-06,-1.56153443958695E-06,-3.37067155298243E-06,2.05755367099769E-06
-1.70975164927034E-05,-2.40646376864495E-06,2.72092919750833E-07,7.02695265530906E-07,6.63292997360454E-06,-1.50866873314948E-06,-3.13264992646278E-06,2.08281854618964E-06
-1.75225164159576E-05,-2.40646376864495E-06,2.95818223028377E-07,7.02695265530906E-07,7.04798416462094E-06,-1.50436060272763E-06,-3.53768920047237E-06,2.08587762162704E-06
-1.75225164159576E-05,-2.59669086077885E-06,2.95818223028377E-07,7.53877634540601E-07,6.97460242660153E-06,-1.6353314865325E-06,-3.5532177325992E-06,2.15888894961047E-06
-1.75225164159576E-05,-2.59669086077885E-06,2.95818223028377E-07,7.53877634540601E-07,7.05051580141003E-06,-1.57957676022447E-06,-3.30622680455583E-06,2.18462420298327E-06
-1.79602478150853E-05,-2.59669086077885E-06,3.20677471243869E-07,7.53877634540601E-07,7.48147363005547E-06,-1.57513739147686E-06,-3.72622746103168E-06,2.18807359908535E-06
-1.79602478150853E-05,-2.79837549065076E-06,3.20677471243869E-07,8.07296141491776E-07,7.40688472333773E-06,-1.71147726109322E-06,-3.74575039663316E-06,2.26332079900082E-06
-1.79602478150853E-05,-2.79837549065076E-06,3.20677471243869E-07,8.07296141491776E-07,7.48894869173622E-06,-1.65278253842771E-06,-3.48935308081E-06,2.28961748738321E-06
-1.84100730760139E-05,-2.79837549065076E-06,3.46682928142883E-07,8.07296141491776E-07,7.93647765029437E-06,-1.64817159521713E-06,-3.92508570079553E-06,2.29344370650253E-06
-1.84100730760139E-05,-3.01211559516901E-06,3.46682928142883E-07,8.62994177897036E-07,7.86071602776328E-06,-1.79009058168256E-06,-3.94887490862139E-06,2.37095079391736E-06
-1.84100730760139E-05,-3.01211559516901E-06,3.46682928142883E-07,8.62994177897036E-07,7.94902644007944E-06,-1.72841242063182E-06,-3.6825918157124E-06,2.39791622624885E-06
-1.88711409446762E-05,-3.01211559516901E-06,3.73842907741562E-07,8.62994177897036E-07,8.41373083937391E-06,-1.72358796700356E-06,-4.13481298844332E-06,2.40210191448931E-06
-1.88711409446762E-05,-3.23851829783783E-06,3.73842907741562E-07,9.21005988363532E-07,8.3368559985475E-06,-1.87128426867855E-06,-4.16317815143952E-06,2.48185762519171E-06
-1.88711409446762E-05,-3.23851829783783E-06,3.73842907741562E-07,9.21005988363532E-07,8.43147882989559E-06,-1.80658894544106E-06,-3.8864903513236E-06,2.50961605674505E-06
-1.93423598701115E-05,-3.23851829783783E-06,4.02160998058676E-07,9.21005988363532E-07,8.91387611834382E-06,-1.80150799550249E-06,-4.35592520164896E-06,2.51413968044289E-06
-1.93423598701115E-05,-3.47819268323168E-06,4.02160998058676E-07,9.81353705409305E-07,8.83597569234507E-06,-1.95516360065873E-06,-4.38921593237662E-06,2.5960912315437E-06
-1.93423598701115E-05,-3.47819268323168E-06,4.02160998058676E-07,9.81353705409305E-07,8.93694151971047E-06,-1.88742971463096E-06,-4.10156887675761E-06,2.6247844799876E-06
-1.98223723040236E-05,-3.47819268323168E-06,4.31635280406795E-07,9.81353705409305E-07,9.43743568404543E-06,-1.88204894535637E-06,-4.58889036558663E-06,2.62962002706146E-06
-1.98223723040236E-05,-3.73174066448101E-06,4.31635280406795E-07,1.04404392065049E-06,9.35862878637117E-06,-2.04182453766855E-06,-4.62749805341112E-06,2.71366611648283E-06
-1.98223723040236E-05,-3.73174066448101E-06,4.31635280406795E-07,1.04404392065049E-06,9.46592628070508E-06,-1.97104607568832E-06,-4.32830676122542E-06,2.74345407191845E-06
-2.03095314528223E-05,-3.73174066448101E-06,4.62257573996538E-07,1.04404392065049E-06,9.98477867619751E-06,-1.96532271812266E-06,-4.8341117009354E-06,2.74857079562985E-06
-2.03095314528223E-05,-3.99974569362249E-06,4.62257573996538E-07,1.10906376171727E-06,9.90521945176681E-06,-2.13135170493151E-06,-4.87847097441207E-06,2.8345538305441E-06
-2.03095314528223E-05,-3.99974569362249E-06,4.62257573996538E-07,1.10906376171727E-06,1.00187877919433E-05,-2.05754159618432E-06,-4.5671265690439E-06,2.86561482187864E-06
-2.08018823337763E-05,-3.99974569362249E-06,4.94012735607896E-07,1.10906376171727E-06,1.05560860294007E-05,-2.05143451326162E-06,-5.09190846875729E-06,2.87097705031769E-06
-2.08018823337763E-05,-4.28275908573306E-06,4.94012735607896E-07,1.17637645757895E-06,1.04759673399402E-05,-2.22381613809719E-06,-5.14249812721967E-06,2.95867464372712E-06
-2.08018823337763E-05,-4.28275908573306E-06,4.94012735607896E-07,1.17637645757895E-06,1.05956874714153E-05,-2.14701031941988E-06,-4.81837578325539E-06,2.99120561586541E-06
-2.12971493147585E-05,-4.28275908573306E-06,5.26878055850943E-07,1.17637645757895E-06,1.11513133118635E-05,-2.14048126859212E-06,-5.36249487570473E-06,2.99677265314102E-06
-2.12971493147585E-05,-4.58128377278655E-06,5.26878055850943E-07,1.24591639893978E-06,1.10708704510465E-05,-2.31927280203159E-06,-5.41983812296643E-06,3.08588847208746E-06
-2.12971493147585E-05,-4.58128377278655E-06,5.26878055850943E-07,1.24591639893978E-06,1.11965551227167E-05,-2.23953479838723E-06,-5.08230643792018E-06,3.12010491976267E-06
-2.17927325658618E-05,-4.58128377278655E-06,5.60822790873772E-07,1.24591639893978E-06,1.17701527011516E-05,-2.23254986311816E-06,-5.64595754037889E-06,3.12583106110154E-06
-2.17927325658618E-05,-4.8957553767659E-06,5.60822790873772E-07,1.31758371990642E-06,1.16896670030453E-05,-2.41775790835175E-06,-5.71062132470601E-06,3.21598518215893E-06
-2.17927325658618E-05,-4.8957553767659E-06,5.60822790873772E-07,1.31758371990642E-06,1.1821049544225E-05,-2.33518391246079E-06,-5.3590530684211E-06,3.25212077822989E-06
-2.22857159528633E-05,-4.8957553767659E-06,5.95807867931342E-07,1.31758371990642E-06,1.24119956246282E-05,-2.32771506700202E-06,-5.94223228700397E-06,3.25795546918251E-06
-2.22857159528633E-05,-5.22652060047646E-06,5.95807867931342E-07,1.39123846976119E-06,1.2331797790921E-05,-2.51928607170049E-06,-6.01482553330701E-06,3.34867447060461E-06
-2.22857159528633E-05,-5.22652060047646E-06,5.95807867931342E-07,1.39123846976119E-06,1.24685196234431E-05,-2.43401047975156E-06,-5.64860964669123E-06,3.38698032220641E-06
-2.27728887952638E-05,-5.22652060047646E-06,6.31785799232176E-07,1.39123846976119E-06,1.3075897936532E-05,-2.42603722963586E-06,-6.25108132878971E-06,3.39286847572673E-06
-2.27728887952638E-05,-5.573813080334E-06,6.31785799232176E-07,1.46669448630732E-06,1.29963708719316E-05,-2.6238473628537E-06,-6.33225183277464E-06,3.48357559509793E-06
-2.27728887952638E-05,-5.573813080334E-06,6.31785799232176E-07,1.46669448630732E-06,1.31379677933419E-05,-2.53604869165924E-06,-5.95080644982815E-06,3.52431906502915E-06
-2.32507835005169E-05,-5.573813080334E-06,6.68700821826462E-07,1.46669448630732E-06,1.37605497866344E-05,-2.52755970694962E-06,-6.57207219134648E-06,3.53020154908457E-06
-2.32507835005169E-05,-5.93772703078033E-06,6.68700821826462E-07,1.5437131377638E-06,1.36821307007429E-05,-2.73140433540431E-06,-6.66250194114593E-06,3.62020732924684E-06
-2.32507835005169E-05,-5.93772703078033E-06,6.68700821826462E-07,1.5437131377638E-06,1.38280180346229E-05,-2.64131140811918E-06,-6.26528810321325E-06,3.66367035464776E-06
-2.37157303344393E-05,-5.93772703078033E-06,7.06489260648979E-07,1.5437131377638E-06,1.44642524860794E-05,-2.63230604036213E-06,-6.90455997376382E-06,3.6694846472507E-06
-2.37157303344393E-05,-6.31818923019223E-06,7.06489260648979E-07,1.62199715303402E-06,1.43874339931793E-05,-2.84188912205718E-06,-7.00495867023143E-06,3.75797860741045E-06
-2.37157303344393E-05,-6.31818923019223E-06,7.06489260648979E-07,1.62199715303402E-06,1.45368907700227E-05,-2.74978736783393E-06,-6.59149429038664E-06,3.80445546621644E-06
-2.41639294569218E-05,-6.31818923019223E-06,7.45080082742433E-07,1.62199715303402E-06,1.51849046320374E-05,-2.74027691932188E-06,-7.24767469395538E-06,3.81013645234241E-06
-2.41639294569218E-05,-6.71493014453572E-06,7.45080082742433E-07,1.70118483033832E-06,1.51102345670173E-05,-2.95520071635913E-06,-7.35877126589735E-06,3.89618041496398E-06
-2.41639294569218E-05,-6.71493014453572E-06,7.45080082742433E-07,1.70118483033832E-06,1.52623869904556E-05,-2.86143838346131E-06,-6.92864480766886E-06,3.94597489994375E-06
-2.45915388805695E-05,-6.71493014453572E-06,7.84395572717145E-07,1.70118483033832E-06,1.59199994709258E-05,-2.85144698153328E-06,-7.60031547208939E-06,3.95145577081202E-06
-2.45915388805695E-05,-7.12745524233949E-06,7.84395572717145E-07,1.78084497326481E-06,1.58480791436766E-05,-3.07120257236893E-06,-7.72284742445173E-06,4.03397957149387E-06
-2.45915388805695E-05,-7.12745524233949E-06,7.84395572717145E-07,1.78084497326481E-06,1.60018836969922E-05,-2.97619661013271E-06,-7.27573068504128E-06,4.0874015538872E-06
-2.49947753003799E-05,-7.12745524233949E-06,8.24352021977504E-07,1.78084497326481E-06,1.666663492772E-05,-2.96576153491213E-06,-7.96115310608414E-06,4.09261473843792E-06
-2.49947753003799E-05,-7.55501780214107E-06,8.24352021977504E-07,1.86047295791525E-06,1.65981155626493E-05,-3.18972066876144E-06,-8.09585360150855E-06,4.17041509770399E-06
-2.49947753003799E-05,-7.55501780214107E-06,8.24352021977504E-07,1.86047295791525E-06,1.67523422427429E-05,-3.09396198772127E-06,-7.63151296845344E-06,4.22777648578787E-06
-2.53700229806419E-05,-7.55501780214107E-06,8.64860286720059E-07,1.86047295791525E-06,1.74215369215247E-05,-3.08313331359722E-06,-8.32864217592544E-06,4.23265452931254E-06
-2.53700229806419E-05,-7.99659472366932E-06,8.64860286720059E-07,1.93948837390323E-06,1.73571140782425E-05,-3.3105421894386E-06,-8.4762248391268E-06,4.30439789500525E-06
-2.53700229806419E-05,-7.99659472366932E-06,8.64860286720059E-07,1.93948837390323E-06,1.75103303847735E-05,-3.21459997171258E-06,-7.99453042277243E-06,4.36600802045106E-06
-2.57139443147203E-05,-7.99659472366932E-06,9.05826038843927E-07,1.93948837390323E-06,1.8181095590819E-05,-3.20343941268009E-06,-8.70104316441633E-06,4.37048430823594E-06
-2.57139443147203E-05,-8.45086699730047E-06,9.05826038843927E-07,2.01723470238946E-06,1.81215014354308E-05,-3.43341496894523E-06,-8.86218470852462E-06,4.43471443412058E-06
-2.57139443147203E-05,-8.45086699730047E-06,9.05826038843927E-07,2.01723470238946E-06,1.82720579091633E-05,-3.33793966783569E-06,-8.36311685570301E-06,4.50087492476214E-06
-2.60235845768175E-05,-8.45086699730047E-06,9.47149526364655E-07,2.01723470238946E-06,1.89414129827536E-05,-3.32651856638222E-06,-9.07645425796133E-06,4.50488414593941E-06
-2.60235845768175E-05,-8.91620653836744E-06,9.47149526364655E-07,2.09298148012849E-06,1.88874063848932E-05,-3.5580478338626E-06,-9.25177516264419E-06,4.56003508109149E-06
-2.60235845768175E-05,-8.91620653836744E-06,9.47149526364655E-07,2.09298148012849E-06,1.90334246661372E-05,-3.46377248094942E-06,-8.73542802648508E-06,4.63103430115019E-06
-2.62964630364237E-05,-8.91620653836744E-06,9.88724671024954E-07,2.09298148012849E-06,1.96983597764433E-05,-3.45216894520606E-06,-9.45285156173092E-06,4.63451255594549E-06
-2.62964630364237E-05,-9.39067102201374E-06,9.88724671024954E-07,2.16592934876303E-06,1.96507143226388E-05,-3.68411193535367E-06,-9.64289518656791E-06,4.67892754474342E-06
-2.62964630364237E-05,-9.39067102201374E-06,9.88724671024954E-07,2.16592934876303E-06,1.97900788772021E-05,-3.59185136455942E-06,-9.10947726051603E-06,4.75503470820371E-06
-2.65306431548318E-05,-9.39067102201374E-06,1.03043736765507E-06,2.16592934876303E-06,2.04476378689034E-05,-3.58014663659478E-06,-9.82813558714213E-06,4.75791919041235E-06
-2.65306431548318E-05,-9.87200815549816E-06,1.03043736765507E-06,2.23521829623152E-06,2.04071280203166E-05,-3.81124311665815E-06,-1.00333462691449E-05,4.78987573560019E-06
-2.65306431548318E-05,-9.87200815549816E-06,1.03043736765507E-06,2.23521829623152E-06,2.05374828541327E-05,-3.72189072117557E-06,-9.48317805482546E-06,4.87133480331359E-06
-2.67247760947775E-05,-9.87200815549816E-06,1.07216292799528E-06,2.23521829623152E-06,2.11848453302021E-05,-3.71016493383447E-06,-1.0200181163933E-05,4.87356302647513E-06
-2.67247760947775E-05,-1.03576704894581E-05,1.07216292799528E-06,2.2999392639278E-06,2.11522310888945E-05,-3.93904528261935E-06,-1.04208820090879E-05,4.89130406133853E-06
-2.67247760947775E-05,-1.03576704894581E-05,1.07216292799528E-06,2.2999392639278E-06,2.1270982900834E-05,-3.85356694637684E-06,-9.85439124634446E-06,4.97832754997596E-06
-2.68781140990715E-05,-1.03576704894581E-05,1.11376269495977E-06,2.2999392639278E-06,2.19055403780644E-05,-3.84189450058914E-06,-1.0566887512109E-05,4.97983614322628E-06
-2.68781140990715E-05,-1.08448414116169E-05,1.11376269495977E-06,2.35914912893875E-06,2.18815509507309E-05,-4.06709465694544E-06,-1.08032587533558E-05,4.98160688700011E-06
-2.68781140990715E-05,-1.08448414116169E-05,1.11376269495977E-06,2.35914912893875E-06,2.19858802474882E-05,-3.98651954897078E-06,-1.02209738672698E-05,5.07436971730613E-06
-2.6990493138479E-05,-1.08448414116169E-05,1.15507997477948E-06,2.35914912893875E-06,2.2605301671863E-05,-3.974964392639E-06,-1.09262252196984E-05,5.07509286773455E-06
-2.6990493138479E-05,-1.13304724137508E-05,1.15507997477948E-06,2.41188886063171E-06,2.25906187178992E-05,-4.19494471948223E-06,-1.11782841323294E-05,5.05918254911641E-06
-2.6990493138479E-05,-1.13304724137508E-05,1.15507997477948E-06,2.41188886063171E-06,2.26775003933088E-05,-4.12035271396549E-06,-1.05808266881446E-05,5.15781607335342E-06
-2.70622872011739E-05,-1.13304724137508E-05,1.1959355354918E-06,2.41188886063171E-06,2.32797832384612E-05,-4.10896383234993E-06,-1.12762772397357E-05,5.15768375408676E-06
-2.70622872011739E-05,-1.18113311080581E-05,1.1959355354918E-06,2.45720444658204E-06,2.32750243558399E-05,-4.32213153289673E-06,-1.1543860690244E-05,5.12247098716223E-06
-2.70622872011739E-05,-1.18113311080581E-05,1.1959355354918E-06,2.45720444658204E-06,2.33412590857629E-05,-4.25463712500074E-06,-1.09319376917494E-05,5.22705734007367E-06
-2.70943392526313E-05,-1.18113311080581E-05,1.23612302727061E-06,2.45720444658204E-06,2.39247635773765E-05,-4.2434445515771E-06,-1.16152717706264E-05,5.22599350283315E-06
-2.70943392526313E-05,-1.22840588433482E-05,1.23612302727061E-06,2.49416995679042E-06,2.39304666951323E-05,-4.44817911482431E-06,-1.18980224841359E-05,5.1699937362315E-06
-2.70943392526313E-05,-1.22840588433482E-05,1.23612302727061E-06,2.49416995679042E-06,2.39727241879706E-05,-4.38891184378898E-06,-1.12724192631308E-05,5.28056067516935E-06
-2.70878758712456E-05,-1.22840588433482E-05,1.27540475447496E-06,2.49416995679042E-06,2.45361896822338E-05,-4.37792347179888E-06,-1.19416058272925E-05,5.27848161779865E-06
-2.70878758712456E-05,-1.27452361777802E-05,1.27540475447496E-06,2.52191193572671E-06,2.45527989928274E-05,-4.57260449043817E-06,-1.22389633891995E-05,5.20039477569512E-06
-2.70878758712456E-05,-1.27452361777802E-05,1.27540475447496E-06,2.52191193572671E-06,2.45676736385647E-05,-4.52268606876416E-06,-1.16005376458173E-05,5.31691119287636E-06
-2.70444136278858E-05,-1.27452361777802E-05,1.31350826171328E-06,2.52191193572671E-06,2.51102176442863E-05,-4.51188549133175E-06,-1.22538593148036E-05,5.31372431855637E-06
-2.70444136278858E-05,-1.31914539522882E-05,1.31350826171328E-06,2.5396341376549E-06,2.51380716360661E-05,-4.69492210181111E-06,-1.25650567737168E-05,5.21248054319301E-06
-2.70444136278858E-05,-1.31914539522882E-05,1.31350826171328E-06,2.5396341376549E-06,2.51221504119492E-05,-4.65544066857726E-06,-1.19147340569281E-05,5.33485285658664E-06
-2.69656653371086E-05,-1.31914539522882E-05,1.35012419866243E-06,2.5396341376549E-06,2.56432520053806E-05,-4.64478620509912E-06,-1.25508003350205E-05,5.33045602324478E-06
-2.69656653371086E-05,-1.36193873178092E-05,1.35012419866243E-06,2.54664152343764E-06,2.56825740361233E-05,-4.81464733592674E-06,-1.28748670285006E-05,5.20525734137856E-06
-2.69656653371086E-05,-1.36193873178092E-05,1.35012419866243E-06,2.54664152343764E-06,2.56325156626769E-05,-4.7866295077581E-06,-1.22136376214943E-05,5.33332699470535E-06
-2.68534534817455E-05,-1.36193873178092E-05,1.38490587719975E-06,2.54664152343764E-06,2.61319859764519E-05,-4.77605449655805E-06,-1.28313831253557E-05,5.32760861937653E-06
-2.68534534817455E-05,-1.40258698241302E-05,1.38490587719975E-06,2.54236239705108E-06,2.6182877695069E-05,-4.93129907780387E-06,-1.31671540493095E-05,5.17796439614138E-06
-2.68534534817455E-05,-1.40258698241302E-05,1.38490587719975E-06,2.54236239705108E-06,2.6095501037382E-05,-4.91568073762716E-06,-1.24960709297905E-05,5.31150669469405E-06
-2.67096365760278E-05,-1.40258698241302E-05,1.41747084425603E-06,2.54236239705108E-06,2.65734440647591E-05,-4.90509509237791E-06,-1.30947404437531E-05,5.30434671941471E-06
-2.67096365760278E-05,-1.44079646027251E-05,1.41747084425603E-06,2.52636758579783E-06,2.66358818457046E-05,-5.04440136245288E-06,-1.34408721332857E-05,5.13010094604915E-06
-2.67096365760278E-05,-1.44079646027251E-05,1.41747084425603E-06,2.52636758579783E-06,2.65082605066524E-05,-5.04199838102792E-06,-1.27610494138342E-05,5.26882545126561E-06
-2.65360522879732E-05,-1.44079646027251E-05,1.44740467022952E-06,2.52636758579783E-06,2.69650276498723E-05,-5.03129133211377E-06,-1.33401723056981E-05,5.26009721069087E-06
-2.65360522879732E-05,-1.47630297712142E-05,1.44740467022952E-06,2.49838567301097E-06,2.70388620693396E-05,-5.15348437440943E-06,-1.36951648259664E-05,5.0614459945475E-06
-2.65360522879732E-05,-1.47630297712142E-05,1.44740467022952E-06,2.49838567301097E-06,2.68684211190973E-05,-5.16496467078964E-06,-1.30077759288305E-05,5.20499865008794E-06
-2.63344790576436E-05,-1.47630297712142E-05,1.47426700114472E-06,2.49838567301097E-06,2.73045627929847E-05,-5.15400854039783E-06,-1.3567132848058E-05,5.19457160796932E-06
-2.63344790576436E-05,-1.50887754364337E-05,1.47426700114472E-06,2.4583134621281E-06,2.73895210693986E-05,-5.25808518836435E-06,-1.39293571523869E-05,4.97206966620922E-06
-2.63344790576436E-05,-1.50887754364337E-05,1.47426700114472E-06,2.4583134621281E-06,2.71741310347018E-05,-5.28394366550167E-06,-1.3235631921793E-05,5.12003676456096E-06
-2.61066159712442E-05,-1.50887754364337E-05,1.49759975920372E-06,2.4583134621281E-06,2.7590348276485E-05,-5.27259846888617E-06,-1.37752167876926E-05,5.10778000983869E-06
-2.61066159712442E-05,-1.53833100787759E-05,1.49759975920372E-06,2.40622108194088E-06,2.76860395056477E-05,-5.35774873616779E-06,-1.41429463891285E-05,4.86233551111326E-06
-2.61066159712442E-05,-1.53833100787759E-05,1.49759975920372E-06,2.40622108194088E-06,2.7424102237994E-05,-5.39828664131159E-06,-1.34441664254581E-05,5.01424951093732E-06
-2.58540789896955E-05,-1.53833100787759E-05,1.51693720495949E-06,2.40622108194088E-06,2.7821200781375E-05,-5.38640526032141E-06,-1.39641465515261E-05,5.00003583980835E-06
-2.58540789896955E-05,-1.56451746073927E-05,1.51693720495949E-06,2.34235141283179E-06,2.79271237364487E-05,-5.45202949731038E-06,-1.43355922321842E-05,4.73289353442041E-06
-2.58540789896955E-05,-1.56451746073927E-05,1.51693720495949E-06,2.34235141283179E-06,2.76176447036036E-05,-5.50733963300409E-06,-1.36330839177745E-05,4.88824062139237E-06
-2.55784103768697E-05,-1.56451746073927E-05,1.53181742379438E-06,2.34235141283179E-06,2.79964933911359E-05,-5.49477327865811E-06,-1.41337607728609E-05,4.87195097487181E-06
-2.55784103768697E-05,-1.58733629797014E-05,1.53181742379438E-06,2.26711382333988E-06,2.81120466125717E-05,-5.54049433609816E-06,-1.45071068995417E-05,4.58466418673531E-06
-2.55784103768697E-05,-1.58733629797014E-05,1.53181742379438E-06,2.26711382333988E-06,2.7754688590953E-05,-5.61045327335252E-06,-1.38022318421083E-05,4.74289335317124E-06
-2.5281097419505E-05,-1.58733629797014E-05,1.54179466760329E-06,2.26711382333988E-06,2.81161834203569E-05,-5.59705694397339E-06,-1.42840044834447E-05,4.72442134458184E-06
-2.5281097419505E-05,-1.60673289266722E-05,1.54179466760329E-06,2.1810725034932E-06,2.8240677282021E-05,-5.62272675813658E-06,-1.46574454520376E-05,4.41881400825572E-06
-2.5281097419505E-05,-1.60673289266722E-05,1.54179466760329E-06,2.1810725034932E-06,2.78357913923166E-05,-5.70699479574E-06,-1.3951588382799E-05,4.57934731445953E-06
-2.49635962545902E-05,-1.60673289266722E-05,1.54645189764935E-06,2.1810725034932E-06,2.81808259325889E-05,-5.69263244454277E-06,-1.44149210623556E-05,4.55860356263216E-06
-2.49635962545902E-05,-1.62269789881764E-05,1.54645189764935E-06,2.08492998776677E-06,2.83134963370291E-05,-5.69833264907338E-06,-1.47866964230747E-05,4.23672403448983E-06
-2.49635962545902E-05,-1.62269789881764E-05,1.54645189764935E-06,2.08492998776677E-06,2.78621277765012E-05,-5.79636175418452E-06,-1.40812508804267E-05,4.39896761950109E-06
-2.46273567956479E-05,-1.62269789881764E-05,1.54541283647891E-06,2.08492998776677E-06,2.81915701936253E-05,-5.78091090830402E-06,-1.45266457964865E-05,4.37588361568153E-06
-2.46273567956479E-05,-1.63526527028335E-05,1.54541283647891E-06,1.97950670433045E-06,2.8331593512565E-05,-5.76694732701277E-06,-1.48950727323349E-05,4.0399524317003E-06
-2.46273567956479E-05,-1.63526527028335E-05,1.54541283647891E-06,1.97950670433045E-06,2.78354610947495E-05,-5.87799673329448E-06,-1.41914251188258E-05,4.20330779160594E-06
-2.42738452818081E-05,-1.63526527028335E-05,1.53835285776616E-06,1.97950670433045E-06,2.81501376078186E-05,-5.86135235003393E-06,-1.46194007617506E-05,4.17783905759528E-06
-2.42738452818081E-05,-1.64450913737735E-05,1.53835285776616E-06,1.86571759464016E-06,2.82966464379975E-05,-5.82824351924582E-06,-1.49829027882298E-05,3.83019310223887E-06
-2.42738452818081E-05,-1.64450913737735E-05,1.53835285776616E-06,1.86571759464016E-06,2.77580969239022E-05,-5.95140212023004E-06,-1.42824155735521E-05,3.99406813467174E-06
-2.39045617758116E-05,-1.64450913737735E-05,1.52500811978484E-06,1.86571759464016E-06,2.80587811785082E-05,-5.93347952582146E-06,-1.4693490669293E-05,3.96619648301844E-06
-2.39045617758116E-05,-1.65053973083529E-05,1.52500811978484E-06,1.74454695978099E-06,2.8210880459234E-05,-5.88193970252338E-06,-1.50506216629598E-05,3.60923214759445E-06
-2.39045617758116E-05,-1.65053973083529E-05,1.52500811978484E-06,1.74454695978099E-06,2.76328204715792E-05,-6.01615391115917E-06,-1.43546165893849E-05,3.77305149479312E-06
-2.35210508847672E-05,-1.65053973083529E-05,1.50518247654663E-06,1.74454695978099E-06,2.79202280741853E-05,-5.99689073532694E-06,-1.47492992730314E-05,3.74278626602553E-06
-2.35210508847672E-05,-1.65349857794705E-05,1.50518247654663E-06,1.61702273571152E-06,2.80770110745454E-05,-5.92780815011906E-06,-1.50987622242749E-05,3.37890412405173E-06
-2.35210508847672E-05,-1.65349857794705E-05,1.50518247654663E-06,1.61702273571152E-06,2.74628208831729E-05,-6.07191356738479E-06,-1.44085043640718E-05,3.54211840769558E-06
-2.31249049407189E-05,-1.65349857794705E-05,1.47875185918522E-06,1.61702273571152E-06,2.77376081949665E-05,-6.0512706548943E-06,-1.47872859301845E-05,3.50949664218447E-06
-2.31249049407189E-05,-1.65355321517513E-05,1.47875185918522E-06,1.4841913507091E-06,2.78981718941917E-05,-5.96568201738368E-06,-1.51279461153564E-05,3.141049918165E-06
-2.31249049407189E-05,-1.65355321517513E-05,1.47875185918522E-06,1.4841913507091E-06,2.7251606423917E-05,-6.11843708364646E-06,-1.44446295378131E-05,3.30314355845296E-06
-2.27177597773576E-05,-1.65355321517513E-05,1.44566600535079E-06,1.4841913507091E-06,2.75143726420346E-05,-6.09639843163201E-06,-1.48079819479729E-05,3.26822912621871E-06
-2.27177597773576E-05,-1.65089166468402E-05,1.44566600535079E-06,1.34709418908585E-06,2.76778320378313E-05,-5.99546087143299E-06,-1.51388745128767E-05,2.89747785786609E-06
-2.27177597773576E-05,-1.65089166468402E-05,1.44566600535079E-06,1.34709418908585E-06,2.70029149489481E-05,-6.15558067740274E-06,-1.44636101544471E-05,3.05797528121765E-06
-2.23012839715153E-05,-1.65089166468402E-05,1.4059475903494E-06,1.34709418908585E-06,2.72542065236081E-05,-6.13215250166999E-06,-1.48119863956353E-05,3.02085707204469E-06
-2.23012839715153E-05,-1.6457169104811E-05,1.4059475903494E-06,1.20674650272434E-06,2.74197074716653E-05,-6.01711421177598E-06,-1.51323186119434E-05,2.64992937681896E-06
-2.23012839715153E-05,-1.6457169104811E-05,1.4059475903494E-06,1.20674650272434E-06,2.67206241169049E-05,-6.18330280988122E-06,-1.44661247460931E-05,2.80839952426781E-06
-2.18771629243442E-05,-1.6457169104811E-05,1.35968897851946E-06,1.20674650272434E-06,2.69609406182703E-05,-6.1585118844576E-06,-1.47999611443961E-05,2.76918884600796E-06
-2.18771629243442E-05,-1.63824158352366E-05,1.35968897851946E-06,1.0641193837202E-06,2.71276708798673E-05,-6.03068271631813E-06,-1.51091098363754E-05,2.40005015816891E-06
-2.18771629243442E-05,-1.63824158352366E-05,1.35968897851946E-06,1.0641193837202E-06,2.64086654047091E-05,-6.20166255382859E-06,-1.44529053336395E-05,2.55610932620165E-06
-2.1447079463055E-05,-1.63824158352366E-05,1.30704693779293E-06,1.0641193837202E-06,2.66384660849717E-05,-6.17555399340386E-06,-1.47726249992708E-05,2.51493670133662E-06
-2.1447079463055E-05,-1.62868302924224E-05,1.30704693779293E-06,9.20125166281593E-07,2.6805664367302E-05,-6.0362771460154E-06,-1.50701298029521E-05,2.14936730902338E-06
-2.1447079463055E-05,-1.62868302924224E-05,1.30704693779293E-06,9.20125166281593E-07,2.60709453145935E-05,-6.21081459961648E-06,-1.44247301736566E-05,2.30268042566983E-06
-2.10126927018273E-05,-1.62868302924224E-05,1.24823575087252E-06,9.20125166281593E-07,2.6290655748884E-05,-6.18344926295311E-06,-1.47307468827407E-05,2.25969198952569E-06
-2.10126927018273E-05,-1.61725888838671E-05,1.24823575087252E-06,7.75606390668315E-07,2.64576186310705E-05,-6.03407502908215E-06,-1.50163001220172E-05,1.89927270755064E-06
-2.10126927018273E-05,-1.61725888838671E-05,1.24823575087252E-06,7.75606390668315E-07,2.57112762755973E-05,-6.21100140785202E-06,-1.43824161729089E-05,2.04955322891109E-06
-2.05756167925841E-05,-1.61725888838671E-05,1.18351919664583E-06,7.75606390668315E-07,2.59212946165377E-05,-6.18245309480514E-06,-1.46751381386867E-05,2.00490693824662E-06
-2.05756167925841E-05,-1.60418327794787E-05,1.18351919664583E-06,6.31328255007446E-07,2.60873813604512E-05,-6.02431540286386E-06,-1.49485721481213E-05,1.6510123419522E-06
-2.05756167925841E-05,-1.60418327794787E-05,1.18351919664583E-06,6.31328255007446E-07,2.53333188120486E-05,-6.20254315841784E-06,-1.43268109671357E-05,1.79802098454473E-06
-2.01374009560773E-05,-1.60418327794787E-05,1.11320187712316E-06,6.31328255007446E-07,2.55340213621835E-05,-6.17289575466362E-06,-1.46066441142345E-05,1.75188282147687E-06
-2.01374009560773E-05,-1.58966361547552E-05,1.11320187712316E-06,4.87974304963501E-07,2.56986567146456E-05,-6.0072920003984E-06,-1.48679168294752E-05,1.40568116546724E-06
-2.01374009560773E-05,-1.58966361547552E-05,1.11320187712316E-06,4.87974304963501E-07,2.49405356802512E-05,-6.18582620293129E-06,-1.42587847316022E-05,1.54922371220501E-06
-1.96995118613152E-05,-1.58966361547552E-05,1.03762033276666E-06,4.87974304963501E-07,2.51322815967292E-05,-6.15517090374329E-06,-1.45261352377801E-05,1.50176404822844E-06
-1.96995118613152E-05,-1.57389809294362E-05,1.03762033276666E-06,3.46144996221653E-07,2.52949567536298E-05,-5.98334532520006E-06,-1.47753148220797E-05,1.16422279816675E-06
-1.96995118613152E-05,-1.57389809294362E-05,1.03762033276666E-06,3.46144996221653E-07,2.45361578565806E-05,-6.16129072394944E-06,-1.41792218615322E-05,1.30414721577488E-06
-1.92633190749802E-05,-1.57389809294362E-05,9.57134330348275E-07,3.46144996221653E-07,2.47192929281326E-05,-6.12972343727591E-06,-1.44344978583177E-05,1.25553746244123E-06
-1.92633190749802E-05,-1.55707377460512E-05,9.57134330348275E-07,2.06358679921692E-07,2.48795648944977E-05,-5.95285407534174E-06,-1.46717470430602E-05,9.27433283948176E-07
-1.92633190749802E-05,-1.55707377460512E-05,9.57134330348275E-07,2.06358679921692E-07,2.41231616926463E-05,-6.12941823741053E-06,-1.40890126982818E-05,1.06362637164459E-06
-1.88300839698563E-05,-1.55707377460512E-05,8.72118632311292E-07,2.06358679921692E-07,2.42980212088462E-05,-6.09703723919441E-06,-1.43326251307307E-05,1.01403600605288E-06
-1.88300839698563E-05,-1.5393652700757E-05,8.72118632311292E-07,6.90545371995199E-08,2.44555108270816E-05,-5.91622634693589E-06,-1.45581858332911E-05,6.95968056962926E-07
-1.88300839698563E-05,-1.5393652700757E-05,8.72118632311292E-07,6.90545371995199E-08,2.37042560917722E-05,-6.09071947599293E-06,-1.39890454904368E-05,8.28351819803785E-07
-1.84009521793094E-05,-1.5393652700757E-05,7.82955479339265E-07,6.90545371995199E-08,2.38711668814062E-05,-6.05762336192139E-06,-1.42214082008429E-05,7.77945845964467E-07
-1.84009521793094E-05,-1.52093391847519E-05,7.82955479339265E-07,-6.5403005677922E-08,2.40255557995006E-05,-5.87389099515612E-06,-1.44355868645363E-05,4.70351295245308E-07
-1.84009521793094E-05,-1.52093391847519E-05,7.82955479339265E-07,-6.5403005677922E-08,2.3281878315462E-05,-6.04572307272289E-06,-1.38801987836779E-05,5.98879209778858E-07
-1.79769494694781E-05,-1.52093391847519E-05,6.90027938343718E-07,-6.5403005677922E-08,2.34411600654738E-05,-6.01200902627941E-06,-1.41017279462474E-05,5.47816073837026E-07
-1.79769494694781E-05,-1.50192741039668E-05,6.90027938343718E-07,-1.96718829226228E-07,2.35921869160549E-05,-5.82628945655639E-06,-1.43048819274405E-05,2.50986886829452E-07
-1.79769494694781E-05,-1.50192741039668E-05,6.90027938343718E-07,-1.96718829226228E-07,2.28581969023978E-05,-5.99496533892907E-06,-1.37633344099442E-05,3.7564018473546E-07
-1.7558980713428E-05,-1.50192741039668E-05,5.93714197361095E-07,-1.96718829226228E-07,2.30101628906354E-05,-5.96072771763545E-06,-1.39744474534353E-05,3.24070144497313E-07
-1.7558980713428E-05,-1.48247977267424E-05,5.93714197361095E-07,-3.24661023398676E-07,2.31576189371196E-05,-5.77386826372539E-06,-1.41669726656524E-05,3.81703317842152E-08
-1.7558980713428E-05,-1.48247977267424E-05,5.93714197361095E-07,-3.24661023398676E-07,2.24351202113837E-05,-5.93898132084103E-06,-1.36392912106764E-05,1.58954407858403E-07
-1.71478315516005E-05,-1.48247977267424E-05,4.94382830562579E-07,-3.24661023398676E-07,2.25800775774942E-05,-5.90431054570129E-06,-1.38404053777741E-05,1.0701833108584E-07
-1.71478315516005E-05,-1.4627116424526E-05,4.94382830562579E-07,-4.49054470941235E-07,2.27238020396037E-05,-5.71707240126784E-06,-1.40227253129233E-05,-1.67898990710569E-07
-1.71478315516005E-05,-1.4627116424526E-05,4.94382830562579E-07,-4.49054470941235E-07,2.20143091631542E-05,-5.87829721532263E-06,-1.3508879590951E-05,-5.09579809460092E-08
-1.67441722704886E-05,-1.4627116424526E-05,3.92389008507799E-07,-4.49054470941235E-07,2.21525588495197E-05,-5.84327894070924E-06,-1.37004102782612E-05,-1.03129425443882E-07
-1.67441722704886E-05,-1.44273076259083E-05,3.92389008507799E-07,-5.69774381897759E-07,2.22924341062303E-05,-5.65633958860001E-06,-1.38729664409532E-05,-3.67105651211119E-07
-1.67441722704886E-05,-1.44273076259083E-05,3.92389008507799E-07,-5.69774381897759E-07,2.15971929371506E-05,-5.81342414751607E-06,-1.33728769653452E-05,-2.53963951202252E-07
-1.63485634159244E-05,-1.44273076259083E-05,2.88071593690375E-07,-5.69774381897759E-07,2.1729029398454E-05,-5.77813867985721E-06,-1.35552359643576E-05,-3.062507554219E-07
-1.63485634159244E-05,-1.4226326379152E-05,2.88071593690375E-07,-6.86739982658224E-07,2.18649762082634E-05,-5.59209551231898E-06,-1.37184796940026E-05,-5.59406437616872E-07
-1.63485634159244E-05,-1.4226326379152E-05,2.88071593690375E-07,-6.86739982658224E-07,2.11849865237035E-05,-5.74485325199881E-06,-1.32320241088557E-05,-4.5000558301922E-07
-1.59614626782378E-05,-1.4226326379152E-05,1.81751039662892E-07,-6.86739982658224E-07,2.13106973032673E-05,-5.70937518418191E-06,-1.34056178500153E-05,-5.02298570292936E-07
-1.59614626782378E-05,-1.40250130029607E-05,1.81751039662892E-07,-7.9990850965217E-07,2.14426701719006E-05,-5.52474999027108E-06,-1.35600034623096E-05,-7.44819322662238E-07
-1.59614626782378E-05,-1.40250130029607E-05,1.81751039662892E-07,-7.9990850965217E-07,2.07787092465495E-05,-5.67305195708912E-06,-1.30870223915558E-05,-6.39088753917605E-07
-1.55832326345084E-05,-1.40250130029607E-05,7.37279971518845E-08,-7.9990850965217E-07,2.0898574489614E-05,-5.63744998482996E-06,-1.32522502767074E-05,-6.91289504750614E-07
-1.55832326345084E-05,-1.38241013893925E-05,7.37279971518845E-08,-9.09269611604202E-07,2.1026557262438E-05,-5.45469401014298E-06,-1.33982294237001E-05,-9.23413287612362E-07
-1.55832326345084E-05,-1.38241013893925E-05,7.37279971518845E-08,-9.09269611604202E-07,2.0379203530041E-05,-5.59846134540187E-06,-1.29385318614617E-05,-8.21272684525809E-07
-1.52141489802027E-05,-1.38241013893925E-05,-3.57174725351683E-08,-9.09269611604202E-07,2.04934954899372E-05,-5.56279823205053E-06,-1.30957847352953E-05,-8.73293267034114E-07
-1.52141489802027E-05,-1.36242276080889E-05,-3.57174725351683E-08,-1.01484021808318E-06,2.06174972339213E-05,-5.38229756841258E-06,-1.32338018645761E-05,-1.09529909719797E-06
-1.52141489802027E-05,-1.36242276080889E-05,-3.57174725351683E-08,-1.01484021808318E-06,1.99871533670404E-05,-5.52149445287586E-06,-1.27871700952298E-05,-9.96660443064457E-07
-1.48544089482172E-05,-1.36242276080889E-05,-1.46326178396272E-07,-1.01484021808318E-06,2.00961359428931E-05,-5.48582711290546E-06,-1.29368288996901E-05,-1.04842299730734E-06
-1.48544089482172E-05,-1.34259385373703E-05,-1.46326178396272E-07,-1.1166599098722E-06,2.02161871527551E-05,-5.30790821740013E-06,-1.30673176910179E-05,-1.26062106531322E-06
-1.48544089482172E-05,-1.34259385373703E-05,-1.46326178396272E-07,-1.1166599098722E-06,1.96031020780474E-05,-5.44253536316486E-06,-1.26335117482945E-05,-1.16539045391661E-06
-1.45041396701906E-05,-1.34259385373703E-05,-2.57859667951443E-07,-1.1166599098722E-06,1.97070304150948E-05,-5.4069150369207E-06,-1.27759463781629E-05,-1.21682666609502E-06
-1.45041396701906E-05,-1.32297003121451E-05,-2.57859667951443E-07,-1.21478679071529E-06,1.98231795622839E-05,-5.23185022638373E-06,-1.28993270247513E-05,-1.41954979948622E-06
-1.45041396701906E-05,-1.32297003121451E-05,-2.57859667951443E-07,-1.21478679071529E-06,1.92274690857808E-05,-5.36193896250037E-06,-1.24780887071907E-05,-1.32762900317829E-06
-1.41634062922336E-05,-1.32297003121451E-05,-3.70099770496957E-07,-1.21478679071529E-06,1.93265892503014E-05,-5.32641145867263E-06,-1.26136570770541E-05,-1.37867950744663E-06
-1.41634062922336E-05,-1.30359064391961E-05,-3.70099770496957E-07,-1.30929385067091E-06,1.9438899677926E-05,-5.15442425930157E-06,-1.27303342920548E-05,-1.57227589436815E-06
-1.41634062922336E-05,-1.30359064391961E-05,-3.70099770496957E-07,-1.30929385067091E-06,1.88605655186969E-05,-5.28003122579612E-06,-1.23213907547992E-05,-1.48356371809655E-06
-1.38322197060781E-05,-1.30359064391961E-05,-4.82847892002702E-07,-1.30929385067091E-06,1.89551142559807E-05,-5.24463721129909E-06,-1.24504380738522E-05,-1.53417745352158E-06
-1.38322197060781E-05,-1.28448854750385E-05,-4.82847892002702E-07,-1.40026579709129E-06,1.90636614139095E-05,-5.07590747989006E-06,-1.25607997070176E-05,-1.71900451029217E-06
-1.38322197060781E-05,-1.28448854750385E-05,-4.82847892002702E-07,-1.40026579709129E-06,1.85026085524065E-05,-5.19710992097355E-06,-1.21638666596979E-05,-1.63339794312378E-06
-1.351054380061E-05,-1.28448854750385E-05,-5.95924128710124E-07,-1.40026579709129E-06,1.85928131353208E-05,-5.16188524146699E-06,-1.22867249046088E-05,-1.68353148932709E-06
-1.351054380061E-05,-1.26569081999595E-05,-5.95924128710124E-07,-1.48779631592433E-06,1.86976821381357E-05,-4.99655399854859E-06,-1.23911410683242E-05,-1.85995076451562E-06
-1.351054380061E-05,-1.26569081999595E-05,-5.95924128710124E-07,-1.48779631592433E-06,1.81537344485783E-05,-5.11344563003391E-06,-1.20059256070171E-05,-1.77734596062962E-06
-1.31983021729454E-05,-1.26569081999595E-05,-7.09166255052907E-07,-1.48779631592433E-06,1.82398126034045E-05,-5.07842164787498E-06,-1.21229131777589E-05,-1.82696287298612E-06
-1.31983021729454E-05,-1.24721942567074E-05,-7.09166255052907E-07,-1.57198572914297E-06,1.8341096094332E-05,-4.9165955855468E-06,-1.22217357838572E-05,-1.99533586275891E-06
-1.31983021729454E-05,-1.24721942567074E-05,-7.09166255052907E-07,-1.57198572914297E-06,1.78140103010982E-05,-5.02928300061267E-06,-1.18479388828696E-05,-1.91562895945907E-06
-1.28953842719604E-05,-1.24721942567074E-05,-8.22428634195127E-07,-1.57198572914297E-06,1.78961702146374E-05,-4.99448693946913E-06,-1.19593604210877E-05,-1.96469911584174E-06
-1.28953842719604E-05,-1.22909182354025E-05,-8.22428634195127E-07,-1.65293900877828E-06,1.79939665096995E-05,-4.8362425850712E-06,-1.20529230525079E-05,-2.12538388266736E-06
-1.28953842719604E-05,-1.22909182354025E-05,-8.22428634195127E-07,-1.65293900877828E-06,1.74834445370031E-05,-4.94484215551871E-06,-1.16902417541809E-05,-2.04847168738809E-06
-1.26016509613969E-05,-1.22909182354025E-05,-9.35581088046256E-07,-1.65293900877828E-06,1.7561884930295E-05,-4.91029744242866E-06,-1.17963881089977E-05,-2.09697065933767E-06
-1.26016509613969E-05,-1.2113215216436E-05,-9.35581088046256E-07,-1.73076410625583E-06,1.76562964200322E-05,-4.75568497226853E-06,-1.18850061561204E-05,-2.25031914302676E-06
-1.26016509613969E-05,-1.2113215216436E-05,-9.35581088046256E-07,-1.73076410625583E-06,1.71619962308078E-05,-4.86032019908489E-06,-1.15331354728632E-05,-2.17609969199728E-06
-1.23169395194189E-05,-1.2113215216436E-05,-1.04850775795029E-06,-1.73076410625583E-06,1.72369064945777E-05,-4.82604679874488E-06,-1.16342837888084E-05,-2.22400814609003E-06
-1.23169395194189E-05,-1.19391857820172E-05,-1.04850775795029E-06,-1.80557056106423E-06,1.73280382775864E-05,-4.67509350488005E-06,-1.17182547887396E-05,-2.37036406636193E-06
-1.23169395194189E-05,-1.19391857820172E-05,-1.04850775795029E-06,-1.80557056106423E-06,1.68495833228199E-05,-4.77589277247947E-06,-1.13768893590382E-05,-2.29873708601502E-06
-1.20410680857219E-05,-1.19391857820172E-05,-1.16110597825347E-06,-1.80557056106423E-06,1.69211437039962E-05,-4.74190750832104E-06,-1.1473303268783E-05,-2.34604022253393E-06
-1.20410680857219E-05,-1.17689005270094E-05,-1.16110597825347E-06,-1.87746835234037E-06,1.7009102426524E-05,-4.59462093005403E-06,-1.15529073956289E-05,-2.48573748473646E-06
-1.20410680857219E-05,-1.17689005270094E-05,-1.16110597825347E-06,-1.87746835234037E-06,1.65460898196024E-05,-4.69171561923165E-06,-1.12217429073525E-05,-2.41660475408523E-06
-1.17738395948308E-05,-1.17689005270094E-05,-1.27328518195746E-06,-1.87746835234037E-06,1.66144716504668E-05,-4.65803247884367E-06,-1.13136728132623E-05,-2.46329178388294E-06
-1.17738395948308E-05,-1.16024040979212E-05,-1.27328518195746E-06,-1.94656696184126E-06,1.66993645311919E-05,-4.51440321658225E-06,-1.13891734878635E-05,-2.59665331103776E-06
-1.17738395948308E-05,-1.16024040979212E-05,-1.27328518195746E-06,-1.94656696184126E-06,1.6251372074727E-05,-4.60792613110606E-06,-1.10679078981768E-05,-2.52991895388632E-06
-1.15150452271173E-05,-1.16024040979212E-05,-1.38496584944914E-06,-1.94656696184126E-06,1.63167380344831E-05,-4.57455655311634E-06,-1.11555913169248E-05,-2.57598261743652E-06
-1.15150452271173E-05,-1.14397187929161E-05,-1.38496584944914E-06,-2.01297461677186E-06,1.63986720504994E-05,-4.4345607813634E-06,-1.12272358885335E-05,-2.70331952778591E-06
-1.15150452271173E-05,-1.14397187929161E-05,-1.38496584944914E-06,-2.01297461677186E-06,1.59652642337527E-05,-4.52464485112269E-06,-1.09155704608455E-05,-2.63889023122132E-06
-1.12644674175044E-05,-1.14397187929161E-05,-1.49607851096523E-06,-2.01297461677186E-06,1.60277686389598E-05,-4.4915979928728E-06,-1.09992324297536E-05,-2.68432635674998E-06
-1.12644674175044E-05,-1.12808477605864E-05,-1.49607851096523E-06,-2.07679768848834E-06,1.61068498534256E-05,-4.35519969632647E-06,-1.10672529145539E-05,-2.80593743706703E-06
-1.12644674175044E-05,-1.12808477605864E-05,-1.49607851096523E-06,-2.07679768848834E-06,1.56875829371295E-05,-4.441976917402E-06,-1.07648930924853E-05,-2.74372261799272E-06
-1.10218824596053E-05,-1.12808477605864E-05,-1.60656280701055E-06,-2.07679768848834E-06,1.57473720494572E-05,-4.40925990308205E-06,-1.08447466091732E-05,-2.78852971913324E-06
-1.10218824596053E-05,-1.11257778310225E-05,-1.60656280701055E-06,-2.13814022131942E-06,1.5823705063589E-05,-4.27641285682956E-06,-1.09093604518939E-05,-2.90470113251118E-06
-1.10218824596053E-05,-1.11257778310225E-05,-1.60656280701055E-06,-2.13814022131942E-06,1.54181313583024E-05,-4.36001343728787E-06,-1.06160165875835E-05,-2.84461305177786E-06
-1.07870627434892E-05,-1.11257778310225E-05,-1.71636661044916E-06,-2.13814022131942E-06,1.54753437060506E-05,-4.32763158653149E-06,-1.0692263082035E-05,-2.88879196519431E-06
-1.07870627434892E-05,-1.09744820138147E-05,-1.71636661044916E-06,-2.19710357374225E-06,1.55490312150341E-05,-4.1982811023189E-06,-1.07536739357705E-05,-2.99979714935006E-06
-1.07870627434892E-05,-1.09744820138147E-05,-1.71636661044916E-06,-2.19710357374225E-06,1.51567026565047E-05,-4.27883278364405E-06,-1.04690618898395E-05,-2.94175098858318E-06
-1.05597786697054E-05,-1.09744820138147E-05,-1.82544521082351E-06,-2.19710357374225E-06,1.52114693632299E-05,-4.24678982036131E-06,-1.0541891714233E-05,-2.98530454712065E-06
-1.05597786697054E-05,-1.0826921695628E-05,-1.82544521082351E-06,-2.25378614837624E-06,1.52826118076099E-05,-4.12087428092178E-06,-1.06002902127145E-05,-3.09140426857368E-06
-1.05597786697054E-05,-1.0826921695628E-05,-1.82544521082351E-06,-2.25378614837624E-06,1.49030829112995E-05,-4.19850180810588E-06,-1.03241318414327E-05,-3.03531817102964E-06
-1.0339800268433E-05,-1.0826921695628E-05,-1.93376056156769E-06,-2.25378614837624E-06,1.4955528031102E-05,-4.16680005110859E-06,-1.03937247701857E-05,-3.0782509110594E-06
-1.0339800268433E-05,-1.06830485677722E-05,-1.93376056156769E-06,-2.30828320324505E-06,1.50242233232234E-05,-4.04425225364324E-06,-1.04492892920582E-05,-3.17969343788249E-06
-1.0339800268433E-05,-1.06830485677722E-05,-1.93376056156769E-06,-2.30828320324505E-06,1.46570536099233E-05,-4.11907697150937E-06,-1.01813128341455E-05,-3.12548852088312E-06
-1.01268985637226E-05,-1.06830485677722E-05,-2.04128058745034E-06,-2.30828320324505E-06,1.47072944569615E-05,-4.08771750792791E-06,-1.02478385657356E-05,-3.16780641984593E-06
-1.01268985637226E-05,-1.05428063130741E-05,-2.04128058745034E-06,-2.36068672654355E-06,1.4773637775356E-05,-3.96846583561317E-06,-1.03007359752993E-05,-3.26482778634229E-06
-1.01268985637226E-05,-1.05428063130741E-05,-2.04128058745034E-06,-2.36068672654355E-06,1.44183937336173E-05,-4.04060539149764E-06,-1.00406763516858E-05,-3.21242813239309E-06
-9.92084670814464E-06,-1.05428063130741E-05,-2.14797855041526E-06,-2.36068672654355E-06,1.44665412129541E-05,-4.00958823287834E-06,-1.01042950100272E-05,-3.25413837787281E-06
-9.92084670814464E-06,-1.04061320778115E-05,-2.14797855041526E-06,-2.41108536025436E-06,1.45306248553467E-05,-3.89355767260735E-06,-1.01546813748854E-05,-3.34696272163981E-06
-9.92084670814464E-06,-1.04061320778115E-05,-2.14797855041526E-06,-2.41108536025436E-06,1.41868815095592E-05,-3.96312580708269E-06,-9.90228040986807E-06,-3.29629534689957E-06
-9.72142092114936E-06,-1.04061320778115E-05,-2.25383247104416E-06,-2.41108536025436E-06,1.4233040440903E-05,-3.93245003105225E-06,-9.96314303680634E-06,-3.33740613056577E-06
-9.72142092114936E-06,-1.02729577520222E-05,-2.25383247104416E-06,-2.45956437172623E-06,1.42949537216275E-05,-3.81956305461895E-06,-1.00111643153156E-05,-3.42624608018482E-06
-9.72142092114936E-06,-1.02729577520222E-05,-2.25383247104416E-06,-2.45956437172623E-06,1.39622958608143E-05,-3.88666946593563E-06,-9.76617089643028E-06,-3.37724089183311E-06
-9.52840125290066E-06,-1.02729577520222E-05,-2.35882460236647E-06,-2.45956437172623E-06,1.40065652924903E-05,-3.85633334254454E-06,-9.82441993269134E-06,-3.41776122825266E-06
-9.52840125290066E-06,-1.01432110817257E-05,-2.35882460236647E-06,-2.50620565589443E-06,1.40663944807606E-05,-3.74651066603615E-06,-9.87021262854881E-06,-3.5028183278385E-06
-9.52840125290066E-06,-1.01432110817257E-05,-2.35882460236647E-06,-2.50620565589443E-06,1.37444176004919E-05,-3.81126093496054E-06,-9.63238280204948E-06,-3.45540806456768E-06
-9.34157219667497E-06,-1.01432110817257E-05,-2.46294095235244E-06,-2.50620565589443E-06,1.37868911158634E-05,-3.78126204070295E-06,-9.68815255708577E-06,-3.49534763133263E-06
-9.34157219667497E-06,-1.00168166308201E-05,-2.46294095235244E-06,-2.55108776681112E-06,1.38447194086844E-05,-3.67442327742218E-06,-9.73184434061025E-06,-3.57681278773114E-06
-9.34157219667497E-06,-1.00168166308201E-05,-2.46294095235244E-06,-2.55108776681112E-06,1.35330304078529E-05,-3.73691884147931E-06,-9.5009413625391E-06,-3.53093295446527E-06
-9.16072317425076E-06,-1.00168166308201E-05,-2.56617085203636E-06,-2.55108776681112E-06,1.35737964210847E-05,-3.7072541605454E-06,-9.5543584648361E-06,-3.57030195408115E-06
-9.16072317425076E-06,-9.89369661108519E-06,-2.56617085203636E-06,-2.59428597093603E-06,1.36297039428079E-05,-3.60331837778727E-06,-9.59606876271835E-06,-3.64835589916623E-06
-9.16072317425076E-06,-9.89369661108519E-06,-2.56617085203636E-06,-2.59428597093603E-06,1.33279216156801E-05,-3.66365654591583E-06,-9.37186310423499E-06,-3.60394469156589E-06
-8.98564890627895E-06,-9.89369661108519E-06,-2.66850656566175E-06,-2.59428597093603E-06,1.33670636546235E-05,-3.63432256111906E-06,-9.42304693740681E-06,-3.64275372755074E-06
-8.98564890627895E-06,-9.77377159672166E-06,-2.66850656566175E-06,-2.63587231819073E-06,1.34211274769314E-05,-3.53320875434715E-06,-9.46288748249202E-06,-3.71756748451801E-06
-8.98564890627895E-06,-9.77377159672166E-06,-2.66850656566175E-06,-2.63587231819073E-06,1.31288828337794E-05,-3.59148275297372E-06,-9.2451568001195E-06,-3.67456570904423E-06
-8.81614969072686E-06,-9.77377159672166E-06,-2.76994293924027E-06,-2.63587231819073E-06,1.31664798139752E-05,-3.562475526242E-06,-9.29421991946455E-06,-3.71282568156772E-06
-8.81614969072686E-06,-9.6569611367503E-06,-2.76994293924027E-06,-2.67591572411519E-06,1.32187739967371E-05,-3.46410301965694E-06,-9.33229527477764E-06,-3.78456103211633E-06
-8.81614969072686E-06,-9.6569611367503E-06,-2.76994293924027E-06,-2.67591572411519E-06,1.29357104388106E-05,-3.52040206486048E-06,-9.1208243491181E-06,-3.74291202298593E-06
-8.65203159605699E-06,-9.6569611367503E-06,-2.87047708469323E-06,-2.67591572411519E-06,1.29718369219489E-05,-3.49171730862352E-06,-9.16787287819076E-06,-3.78063403649875E-06
-8.65203159605699E-06,-9.54318427659473E-06,-2.87047708469323E-06,-2.7144820635705E-06,1.30224325678441E-05,-3.39600609200463E-06,-9.20428092232584E-06,-3.84944398179599E-06
-8.65203159605699E-06,-9.54318427659473E-06,-2.87047708469323E-06,-2.7144820635705E-06,1.27482059451012E-05,-3.45041548099889E-06,-8.99886157146312E-06,-3.8090935139401E-06
-8.49310658912472E-06,-9.54318427659473E-06,-2.97010809630072E-06,-2.7144820635705E-06,1.27829323863793E-05,-3.42204862147089E-06,-9.04399558132596E-06,-3.84628879768201E-06
-8.49310658912472E-06,-9.4323600030588E-06,-2.97010809630072E-06,-2.75163427110314E-06,1.28318977066222E-05,-3.32891963061854E-06,-9.07882796408188E-06,-3.91231800911385E-06
-8.49310658912472E-06,-9.4323600030588E-06,-2.97010809630072E-06,-2.75163427110314E-06,1.25661762759854E-05,-3.38152084811139E-06,-8.8792589347797E-06,-3.87321420980413E-06
-8.33919260223581E-06,-9.4323600030588E-06,-3.06883679651593E-06,-2.75163427110314E-06,1.25995692616954E-05,-3.35346708124629E-06,-8.9225728023834E-06,-3.90989405074649E-06
-8.33919260223581E-06,-9.32440762047015E-06,-3.06883679651593E-06,-2.78743244352952E-06,1.26469696493103E-05,-3.26284242935237E-06,-8.95591537153351E-06,-3.97327930912184E-06
-8.33919260223581E-06,-9.32440762047015E-06,-3.06883679651593E-06,-2.78743244352952E-06,1.23894339565389E-05,-3.31371326534047E-06,-8.76200221266998E-06,-3.93537257048493E-06
-8.19011355268628E-06,-9.32440762047015E-06,-3.16666550859157E-06,-2.78743244352952E-06,1.2421556425668E-05,-3.28596760623689E-06,-8.80358496058165E-06,-3.97154825249046E-06
-8.19011355268628E-06,-9.21924706620558E-06,-3.16666550859157E-06,-2.82193394918195E-06,1.24674545380898E-05,-3.19777077384398E-06,-8.83551815933359E-06,-4.03241887170225E-06
-8.19011355268628E-06,-9.21924706620558E-06,-3.16666550859157E-06,-2.82193394918195E-06,1.22177972321502E-05,-3.24698544951207E-06,-8.64707308023682E-06,-3.99566176056965E-06
-8.04569932144617E-06,-9.21924706620558E-06,-3.26359785318697E-06,-2.82193394918195E-06,1.22487086873235E-05,-3.2195427751569E-06,-8.68700869993688E-06,-4.03134451731901E-06
-8.04569932144617E-06,-9.11679917492414E-06,-3.26359785318697E-06,-2.85519353449004E-06,1.22931645307744E-05,-3.13369876181468E-06,-8.71760793597076E-06,-4.08982275246217E-06
-8.04569932144617E-06,-9.11679917492414E-06,-3.26359785318697E-06,-2.85519353449004E-06,1.20510901284732E-05,-3.1813280593207E-06,-8.5344496549844E-06,-4.05416992554919E-06
-7.90578569853651E-06,-9.11679917492414E-06,-3.35963856729071E-06,-2.85519353449004E-06,1.20808468384581E-05,-3.1541831471138E-06,-8.5728174088473E-06,-4.0893708979084E-06
-7.90578569853651E-06,-9.01698589661493E-06,-3.35963856729071E-06,-2.88726343278256E-06,1.21239178585419E-05,-3.07061859239344E-06,-8.60215339937298E-06,-4.14557233785473E-06
-7.90578569853651E-06,-9.01698589661493E-06,-3.35963856729071E-06,-2.88726343278256E-06,1.18891424700784E-05,-3.11672998931645E-06,-8.42410698176366E-06,-4.11098045294267E-06
-7.77021430264924E-06,-9.01698589661493E-06,-3.45479334257215E-06,-2.88726343278256E-06,1.19177976567464E-05,-3.08987754982226E-06,-8.46098168905129E-06,-4.14571065388003E-06
-7.77021430264924E-06,-8.91973047667527E-06,-3.45479334257215E-06,-2.91819347175704E-06,1.19595388294869E-05,-3.00852082646408E-06,-8.489120782329E-06,-4.19974459431316E-06
-7.77021430264924E-06,-8.91973047667527E-06,-3.45479334257215E-06,-2.91819347175704E-06,1.17317898506997E-05,-3.05317863014132E-06,-8.31601747153243E-06,-4.16617222720461E-06
-7.63883247412167E-06,-8.91973047667527E-06,-3.54906868155203E-06,-2.91819347175704E-06,1.17593938671057E-05,-3.02661333573262E-06,-8.35146977795631E-06,-4.20044251114859E-06
-7.63883247412167E-06,-8.8249576006838E-06,-3.54906868155203E-06,-2.94803117917297E-06,1.17998577899847E-05,-2.94739461892402E-06,-8.37847424906002E-06,-4.25241230983531E-06
-7.63883247412167E-06,-8.8249576006838E-06,-3.54906868155203E-06,-2.94803117917297E-06,1.15788735772782E-05,-2.99066010089888E-06,-8.21015129348623E-06,-4.21981987130948E-06
-7.51149315680877E-06,-8.8249576006838E-06,-3.64247177020438E-06,-2.94803117917297E-06,1.16054740773031E-05,-2.96437661151394E-06,-8.2442479247824E-06,-4.25364091194425E-06
-7.51149315680877E-06,-8.73259351008571E-06,-3.64247177020438E-06,-2.97682188676873E-06,1.16447110620754E-05,-2.88722792807228E-06,-8.2701762540438E-06,-4.30364432757457E-06
-7.51149315680877E-06,-8.73259351008571E-06,-3.64247177020438E-06,-2.97682188676873E-06,1.14302405851419E-05,-2.92915945754313E-06,-8.10647673121778E-06,-4.27199398345124E-06
-7.38805476041549E-06,-8.73259351008571E-06,-3.73501036449175E-06,-2.97682188676873E-06,1.14558826802558E-05,-2.90315244166894E-06,-8.13928072984638E-06,-4.30537625328853E-06
-7.38805476041549E-06,-8.64256609256486E-06,-3.73501036449175E-06,-3.00460882973752E-06,1.14939408439874E-05,-2.82800770223801E-06,-8.16418785953843E-06,-4.35350576744042E-06
-7.38805476041549E-06,-8.64256609256486E-06,-3.73501036449175E-06,-3.00460882973752E-06,1.12857433327562E-05,-2.86866087628734E-06,-8.004960496244E-06,-4.32276136086429E-06
-7.26838101572369E-06,-8.64256609256486E-06,-3.82669269016755E-06,-3.00460882973752E-06,1.13104697412325E-05,-2.84292502983341E-06,-8.03653144609839E-06,-4.35571511481214E-06
-7.26838101572369E-06,-8.5548049499895E-06,-3.82669269016755E-06,-3.03143324398292E-06,1.13473950960064E-05,-2.76972004598086E-06,-8.06046901891122E-06,-4.40205823482032E-06
-7.26838101572369E-06,-8.5548049499895E-06,-3.82669269016755E-06,-3.03143324398292E-06,1.11452396787115E-05,-2.8091478180281E-06,-7.90556801399944E-06,-4.37218521076588E-06
-7.15234082182548E-06,-8.5548049499895E-06,-3.91752735401374E-06,-3.03143324398292E-06,1.11690908655149E-05,-2.78367788042466E-06,-7.93596224957227E-06,-4.40472047502638E-06
-7.15234082182548E-06,-8.46924144770611E-06,-3.91752735401374E-06,-3.05733446204215E-06,1.12049274081372E-05,-2.71235036908291E-06,-7.95897882976959E-06,-4.44936001997576E-06
-7.15234082182548E-06,-8.46924144770611E-06,-3.91752735401374E-06,-3.05733446204215E-06,1.10085927507164E-05,-2.75060317256326E-06,-7.80826367385856E-06,-4.42032535330483E-06
-7.03980808669513E-06,-8.46924144770611E-06,-4.0075232656811E-06,-3.05733446204215E-06,1.10316070598415E-05,-2.72539394008398E-06,-7.83753447519686E-06,-4.4524519142719E-06
-7.03980808669513E-06,-8.38580874784611E-06,-4.0075232656811E-06,-3.08235000234802E-06,1.10663968571068E-05,-2.65588351811008E-06,-7.85967575644975E-06,-4.49546628855657E-06
-7.03980808669513E-06,-8.38580874784611E-06,-4.0075232656811E-06,-3.08235000234802E-06,1.08756707981605E-05,-2.69300938715578E-06,-7.71301105517708E-06,-4.46723841340813E-06
-6.93066156554067E-06,-8.38580874784611E-06,-4.09668956863341E-06,-3.08235000234802E-06,1.08978845752006E-05,-2.66805572457507E-06,-7.74120883484386E-06,-4.49896581278253E-06
-6.93066156554067E-06,-8.30444182886581E-06,-4.09668956863341E-06,-3.10651565671449E-06,1.09316678478244E-05,-2.60030389409582E-06,-7.76251782896864E-06,-4.54042925968068E-06
-6.93066156554067E-06,-8.30444182886581E-06,-4.09668956863341E-06,-3.10651565671449E-06,1.07463470420122E-05,-2.63634857933237E-06,-7.61977312802031E-06,-4.51297800285744E-06
-6.82478469737902E-06,-8.30444182886581E-06,-4.18503557975125E-06,-3.10651565671449E-06,1.07677947505103E-05,-2.61164542947334E-06,-7.64694560162482E-06,-4.54431553142953E-06
-6.82478469737902E-06,-8.22507749420609E-06,-4.18503557975125E-06,-3.12986557471362E-06,1.08006099557301E-05,-2.54559555579181E-06,-7.66746281710695E-06,-4.58429837468799E-06
-6.82478469737902E-06,-8.22507749420609E-06,-4.18503557975125E-06,-3.12986557471362E-06,1.06204995211634E-05,-2.58060263647053E-06,-7.52851242902253E-06,-4.55759489081942E-06
-6.72206543983478E-06,-8.22507749420609E-06,-4.27257073593035E-06,-3.12986557471362E-06,1.06412138523027E-05,-2.55614502853163E-06,-7.55470477775688E-06,-4.5885515866928E-06
-6.72206543983478E-06,-8.14765436807363E-06,-4.27257073593035E-06,-3.15243234227935E-06,1.0673097760705E-05,-2.49174231248261E-06,-7.57446838450804E-06,-4.62712045834479E-06
-6.72206543983478E-06,-8.14765436807363E-06,-4.27257073593035E-06,-3.15243234227935E-06,1.04980109316699E-05,-2.52575330328408E-06,-7.43919121948267E-06,-4.60113716815869E-06
-6.62239610882409E-06,-8.14765436807363E-06,-4.3593045477297E-06,-3.15243234227935E-06,1.05180229059698E-05,-2.50153635894534E-06,-7.4644462411122E-06,-4.63172181541793E-06
-6.62239610882409E-06,-8.07211288655907E-06,-4.3593045477297E-06,-3.17424705942315E-06,1.05490106796502E-05,-2.43872780347765E-06,-7.48349222279288E-06,-4.6689398689459E-06
-6.62239610882409E-06,-8.07211288655907E-06,-4.3593045477297E-06,-3.17424705942315E-06,1.03787684695433E-05,-2.47178225776246E-06,-7.35177162347611E-06,-4.64365040064862E-06
-6.5256732133534E-06,-8.07211288655907E-06,-4.44524655884848E-06,-3.17424705942315E-06,1.03981075341153E-05,-2.44780119684762E-06,-7.37612987444791E-06,-4.6738715284711E-06
-6.5256732133534E-06,-7.99839527987345E-06,-4.44524655884848E-06,-3.19533941217642E-06,1.04282327990646E-05,-2.38653557138591E-06,-7.39449217190824E-06,-4.70979863687049E-06
-6.5256732133534E-06,-7.99839527987345E-06,-4.44524655884848E-06,-3.19533941217642E-06,1.02626636722114E-05,-2.41867117867223E-06,-7.26621574864694E-06,-4.68517777019173E-06
-6.43179729964416E-06,-7.99839527987345E-06,-4.53040631082091E-06,-3.19533941217642E-06,1.02813577895766E-05,-2.39492132303454E-06,-7.28971567731662E-06,-4.71504365595621E-06
-6.43179729964416E-06,-7.9264455488115E-06,-4.53040631082091E-06,-3.21573774320072E-06,1.03106527062913E-05,-2.33514912251209E-06,-7.30742631827042E-06,-4.74973660491429E-06
-6.43179729964416E-06,-7.9264455488115E-06,-4.53040631082091E-06,-3.21573774320072E-06,1.01495922582018E-05,-2.36640180295566E-06,-7.18248579367753E-06,-4.72576021470772E-06
-6.34067279348116E-06,-7.9264455488115E-06,-4.61479331259618E-06,-3.21573774320072E-06,1.01676679915563E-05,-2.34287857958648E-06,-7.20516386421011E-06,-4.75527888488259E-06
-6.34067279348116E-06,-7.85620943632992E-06,-4.61479331259618E-06,-3.23546911706885E-06,1.01961633216519E-05,-2.28455198225674E-06,-7.22225308891211E-06,-4.78879154730549E-06
-6.34067279348116E-06,-7.85620943632992E-06,-4.61479331259618E-06,-3.23546911706885E-06,1.00394539712667E-05,-2.31495597557974E-06,-7.10054414376771E-06,-4.76543655381079E-06
-6.25220784877811E-06,-7.85620943632992E-06,-4.69841701417062E-06,-3.23546911706885E-06,1.00569365648617E-05,-2.29165491982819E-06,-7.12243495337717E-06,-4.79461578750673E-06
-6.25220784877811E-06,-7.78763439601704E-06,-4.69841701417062E-06,-3.25455938421371E-06,1.0084661737686E-05,-2.23472774418809E-06,-7.13893132608945E-06,-4.82699929049701E-06
-6.25220784877811E-06,-7.78763439601704E-06,-4.69841701417062E-06,-3.25455938421371E-06,9.93215243072498E-06,-2.26431569472219E-06,-7.0203534479063E-06,-4.80424361049003E-06
-6.16631419880775E-06,-7.78763439601704E-06,-4.78128678407797E-06,-3.25455938421371E-06,9.94906588269728E-06,-2.24123245073926E-06,-7.04148983476927E-06,-4.83309094390094E-06
-6.16631419880775E-06,-7.72066955700979E-06,-4.78128678407797E-06,-3.27303323954808E-06,9.9760490548384E-06,-2.18566010867782E-06,-7.0574203512308E-06,-4.86439382640924E-06
-6.16631419880775E-06,-7.72066955700979E-06,-4.78128678407797E-06,-3.27303323954808E-06,9.8275949760307E-06,-2.21446314663254E-06,-6.94187669214585E-06,-4.8422163252404E-06
-6.08290701276104E-06,-7.72066955700979E-06,-4.86341189007145E-06,-3.27303323954808E-06,9.84396210990113E-06,-2.19159346914743E-06,-6.96228983843028E-06,-4.87073905519608E-06
-6.08290701276104E-06,-7.65526568713426E-06,-4.86341189007145E-06,-3.29091428019623E-06,9.87023022691602E-06,-2.1373329208707E-06,-6.97768002355659E-06,-4.90100741368238E-06
-6.08290701276104E-06,-7.65526568713426E-06,-4.86341189007145E-06,-3.29091428019623E-06,9.7256925251088E-06,-2.16538073871675E-06,-6.86507725866647E-06,-4.87938786086772E-06
-6.00190475452678E-06,-7.65526568713426E-06,-4.94480148291454E-06,-3.29091428019623E-06,9.74153505595154E-06,-2.14272049325892E-06,-6.88479678601084E-06,-4.90759305060706E-06
-6.00190475452678E-06,-7.59137515160546E-06,-4.94480148291454E-06,-3.30822505967276E-06,9.7671139074329E-06,-2.08973020021652E-06,-6.8996707871527E-06,-4.9368706784847E-06
-6.00190475452678E-06,-7.59137515160546E-06,-4.94480148291454E-06,-3.30822505967276E-06,9.62635942913792E-06,-2.11705112640459E-06,-6.78991897862247E-06,-4.91578970551743E-06
-5.92322904902076E-06,-7.59137515160546E-06,-5.02546458269748E-06,-3.30822505967276E-06,9.64169802353254E-06,-2.09459628863762E-06,-6.80897303872996E-06,-4.943684187797E-06
-5.92322904902076E-06,-7.52895187394742E-06,-5.02546458269748E-06,-3.32498713895291E-06,9.6666122977318E-06,-2.04283616689338E-06,-6.82335370960629E-06,-4.97201270466263E-06
-5.92322904902076E-06,-7.52895187394742E-06,-5.02546458269748E-06,-3.32498713895291E-06,9.5295133357709E-06,-2.0694572342439E-06,-6.71636617655125E-06,-4.9514517641569E-06
-5.84680455073539E-06,-7.52895187394742E-06,-5.10541006759624E-06,-3.32498713895291E-06,9.54436767219846E-06,-2.04720389040958E-06,-6.73478153334628E-06,-4.9790421496887E-06
-5.84680455073539E-06,-7.46795129336064E-06,-5.10541006759624E-06,-3.34122113443414E-06,9.568641006652E-06,-1.99663526423421E-06,-6.74869051398019E-06,-5.00646112300274E-06
-5.84680455073539E-06,-7.46795129336064E-06,-5.10541006759624E-06,-3.34122113443414E-06,9.43507505501984E-06,-2.02258227655072E-06,-6.6443837050123E-06,-4.98640244961379E-06
-5.77255881850647E-06,-7.46795129336064E-06,-5.18464666449114E-06,-3.34122113443414E-06,9.44946387626544E-06,-2.00052662213679E-06,-6.66218581546474E-06,-5.0136951301738E-06
-5.77255881850647E-06,-7.40833032253363E-06,-5.18464666449114E-06,-3.35694676634191E-06,9.47311890886482E-06,-1.95111217737853E-06,-6.67564360723461E-06,-5.04024219027954E-06
-5.77255881850647E-06,-7.40833032253363E-06,-5.18464666449114E-06,-3.35694676634191E-06,9.34296843002613E-06,-1.97640977095404E-06,-6.57393698011433E-06,-5.02066876473251E-06
-5.70042219338873E-06,-7.40833032253363E-06,-5.26318294147288E-06,-3.35694676634191E-06,9.35690959513735E-06,-1.95454810913986E-06,-6.59115006662603E-06,-5.04766992115435E-06
-5.70042219338873E-06,-7.35004730545441E-06,-5.26318294147288E-06,-3.37218289958585E-06,9.37996800898233E-06,-1.90625184814941E-06,-6.60417610021113E-06,-5.07338086830345E-06
-5.70042219338873E-06,-7.35004730545441E-06,-5.26318294147288E-06,-3.37218289958585E-06,9.25312021093916E-06,-1.93092355149638E-06,-6.50499200238741E-06,-5.05427638319844E-06
-5.63032768230443E-06,-7.35004730545441E-06,-5.34102730218033E-06,-3.37218289958585E-06,9.26663074363177E-06,-1.90925229248684E-06,-6.52163912295833E-06,-5.08099198937018E-06
-5.63032768230443E-06,-7.29306197388979E-06,-5.34102730218033E-06,-3.38694758728053E-06,9.28911331277149E-06,-1.86203948837616E-06,-6.53425182317591E-06,-5.10590089453089E-06
-5.63032768230443E-06,-7.29306197388979E-06,-5.34102730218033E-06,-3.38694758728053E-06,9.16545993634443E-06,-1.88610777751563E-06,-6.43751537987569E-06,-5.08724971926E-06
-5.56221084568875E-06,-7.29306197388979E-06,-5.41818798122096E-06,-3.38694758728053E-06,9.1785560698554E-06,-1.8646234365427E-06,-6.45361849249682E-06,-5.11368554922953E-06
-5.56221084568875E-06,-7.2373354047528E-06,-5.41818798122096E-06,-3.40125810938119E-06,9.20048270147689E-06,-1.81846058966428E-06,-6.46583533869816E-06,-5.13782485045411E-06
-5.56221084568875E-06,-7.2373354047528E-06,-5.41818798122096E-06,-3.40125810938119E-06,9.07991981646816E-06,-1.84194694141659E-06,-6.37147434279228E-06,-5.11961200055922E-06
-5.49600969046438E-06,-7.2373354047528E-06,-5.49467304100659E-06,-3.40125810938119E-06,9.09261703663233E-06,-1.82064613674093E-06,-6.38705436628584E-06,-5.14577363386337E-06
-5.49600969046438E-06,-7.18282997880237E-06,-5.49467304100659E-06,-3.41513101043134E-06,9.11400681058439E-06,-1.77550093138912E-06,-6.39889194831156E-06,-5.16917422377361E-06
-5.49600969046438E-06,-7.18282997880237E-06,-5.49467304100659E-06,-3.41513101043134E-06,8.99643462215494E-06,-1.79842587377799E-06,-6.30683675639787E-06,-5.15138533119242E-06
-5.43166456612454E-06,-7.18282997880237E-06,-5.57049036964408E-06,-3.41513101043134E-06,9.00874770692894E-06,-1.7773053249126E-06,-6.32191362814893E-06,-5.17727815996238E-06
-5.43166456612454E-06,-7.12950933845491E-06,-5.57049036964408E-06,-3.42858213553399E-06,9.0296189161343E-06,-1.73314658713508E-06,-6.3333876982874E-06,-5.19996947101475E-06
-5.43166456612454E-06,-7.12950933845491E-06,-5.57049036964408E-06,-3.42858213553399E-06,8.9149415791745E-06,-1.75552974668314E-06,-6.2435711298825E-06,-5.18259075521499E-06
-5.36911806614526E-06,-7.12950933845491E-06,-5.64564767982501E-06,-3.42858213553399E-06,8.92688463638436E-06,-1.73458627239498E-06,-6.25816385957378E-06,-5.2082199886172E-06
-5.36911806614526E-06,-7.07733834648394E-06,-5.64564767982501E-06,-3.44162666232606E-06,8.94725482103453E-06,-1.69138392913659E-06,-6.26928938141091E-06,-5.23023006993029E-06
-5.36911806614526E-06,-7.07733834648394E-06,-5.64564767982501E-06,-3.44162666232606E-06,8.83538026297259E-06,-1.71324407549633E-06,-6.18164662213871E-06,-5.21324831037617E-06
-5.30831493250616E-06,-7.07733834648394E-06,-5.72015250854818E-06,-3.44162666232606E-06,8.84696676450858E-06,-1.69247459114175E-06,-6.19577334193266E-06,-5.23861898216182E-06
-5.30831493250616E-06,-7.02628304560804E-06,-5.72015250854818E-06,-3.45427913339691E-06,8.86685274892329E-06,-1.65019962961033E-06,-6.20656453742541E-06,-5.25997457678784E-06
-5.30831493250616E-06,-7.02628304560804E-06,-5.72015250854818E-06,-3.45427913339691E-06,8.75769250141545E-06,-1.67155471841873E-06,-6.1210330457584E-06,-5.2433770880711E-06
-5.24920196554035E-06,-7.02628304560804E-06,-5.79401221745268E-06,-3.45427913339691E-06,8.76893531920331E-06,-1.6509562346112E-06,-6.13471105648245E-06,-5.26849406146113E-06
-5.24920196554035E-06,-6.97631061941095E-06,-5.79401221745268E-06,-3.46655348737457E-06,8.78835324424898E-06,-1.60958066452999E-06,-6.14518144637088E-06,-5.2892206734434E-06
-5.24920196554035E-06,-6.97631061941095E-06,-5.79401221745268E-06,-3.46655348737457E-06,8.68182228330738E-06,-1.63044787759858E-06,-6.06170086481228E-06,-5.27299527952607E-06
-5.19172793644884E-06,-6.97631061941095E-06,-5.86723399390032E-06,-3.46655348737457E-06,8.69273371906232E-06,-1.61001749687806E-06,-6.07494668303232E-06,-5.29786325254023E-06
-5.19172793644884E-06,-6.92738935414994E-06,-5.86723399390032E-06,-3.47846308690336E-06,8.71169907190605E-06,-1.56951431184993E-06,-6.08510912902815E-06,-5.31798521441473E-06
-5.19172793644884E-06,-6.92738935414994E-06,-5.86723399390032E-06,-3.47846308690336E-06,8.60771566335572E-06,-1.58991009580056E-06,-6.00362119707043E-06,-5.30212022686882E-06
-5.13584350425589E-06,-6.92738935414994E-06,-5.939824852641E-06,-3.47846308690336E-06,8.61830747744818E-06,-1.56964501063506E-06,-6.01645059461475E-06,-5.32674373943109E-06
-5.13584350425589E-06,-6.87948859967591E-06,-5.939824852641E-06,-3.49002074484517E-06,8.63683512486446E-06,-1.52998815194927E-06,-6.02631733537251E-06,-5.34628427217854E-06
-5.13584350425589E-06,-6.87948859967591E-06,-5.939824852641E-06,-3.49002074484517E-06,8.53532067868201E-06,-1.54992825351918E-06,-5.94676580867315E-06,-5.33076846664926E-06
-5.08150113587291E-06,-6.87948859967591E-06,-6.01179163775556E-06,-3.49002074484517E-06,8.54560411900351E-06,-1.52982574386229E-06,-5.95919385348864E-06,-5.35515190369651E-06
-5.08150113587291E-06,-6.8325787339063E-06,-6.01179163775556E-06,-3.50123875181296E-06,8.56370833224318E-06,-1.49099006541142E-06,-5.96877654013284E-06,-5.37413317625024E-06
-5.08150113587291E-06,-6.8325787339063E-06,-6.01179163775556E-06,-3.50123875181296E-06,8.4645872644451E-06,-1.51048956609223E-06,-5.89110711191054E-06,-5.35895577158385E-06
-5.02865503060335E-06,-6.8325787339063E-06,-6.08314102520935E-06,-3.50123875181296E-06,8.47457309216537E-06,-1.49054699760676E-06,-5.90314820358984E-06,-5.3831033715035E-06
-5.02865503060335E-06,-6.78663112685385E-06,-6.08314102520935E-06,-3.51212889881936E-06,8.49226757670962E-06,-1.4525082319139E-06,-5.91245793213346E-06,-5.40154655448433E-06
-5.02865503060335E-06,-6.78663112685385E-06,-6.08314102520935E-06,-3.51212889881936E-06,8.3954671756814E-06,-1.47158158014804E-06,-5.83661815545256E-06,-5.38669719318818E-06
-4.97726104642382E-06,-6.78663112685385E-06,-6.15387952565549E-06,-3.51212889881936E-06,8.40516569056149E-06,-1.45179640065329E-06,-5.84828606120524E-06,-5.41061305048274E-06
-4.97726104642382E-06,-6.74161810598761E-06,-6.15387952565549E-06,-3.52270250258968E-06,8.42246361010268E-06,-1.41453112556533E-06,-5.85733340408012E-06,-5.42853837037782E-06
-4.97726104642382E-06,-6.74161810598761E-06,-6.15387952565549E-06,-3.52270250258968E-06,8.32791391136567E-06,-1.43319216761029E-06,-5.78327262035216E-06,-5.41400709908046E-06
-4.9272766324826E-06,-6.74161810598761E-06,-6.22401348743251E-06,-3.52270250258968E-06,8.33733497440647E-06,-1.41356190552777E-06,-5.79458050786741E-06,-5.43769517147297E-06
-4.9272766324826E-06,-6.69751292203813E-06,-6.22401348743251E-06,-3.53297042465783E-06,8.35424897616122E-06,-1.37704751268508E-06,-5.80337554145771E-06,-5.45512195460063E-06
-4.9272766324826E-06,-6.69751292203813E-06,-6.22401348743251E-06,-3.53297042465783E-06,8.26188264113625E-06,-1.39530952147915E-06,-5.73104481160769E-06,-5.4408992067323E-06
-4.87866075982169E-06,-6.69751292203813E-06,-6.29354910001989E-06,-3.53297042465783E-06,8.27103569633891E-06,-1.37583178316802E-06,-5.7420052783641E-06,-5.46436331871902E-06
-4.87866075982169E-06,-6.65428971657889E-06,-6.29354910001989E-06,-3.54294309445891E-06,8.2875779341407E-06,-1.34004644714025E-06,-5.75055761142806E-06,-5.48131004185493E-06
-4.87866075982169E-06,-6.65428971657889E-06,-6.29354910001989E-06,-3.54294309445891E-06,8.19733013646129E-06,-1.35792214961405E-06,-5.67990964794873E-06,-5.46738661899582E-06
-4.83137386009247E-06,-6.65428971657889E-06,-6.36249239749365E-06,-3.54294309445891E-06,8.20622423303163E-06,-1.33859461715069E-06,-5.69053475185655E-06,-5.49063046717535E-06
-4.83137386009247E-06,-6.61192349227235E-06,-6.36249239749365E-06,-3.55263052798094E-06,8.22240638953531E-06,-1.30351726657096E-06,-5.69885354995137E-06,-5.50711479752053E-06
-4.83137386009247E-06,-6.61192349227235E-06,-6.36249239749365E-06,-3.55263052798094E-06,8.13421470668985E-06,-1.3210188698487E-06,-5.6298426533985E-06,-5.49348185430176E-06
-4.78537776382737E-06,-6.61192349227235E-06,-6.43084926219006E-06,-3.55263052798094E-06,8.14285851680197E-06,-1.30183929880623E-06,-5.64014394033308E-06,-5.51650901181588E-06
-4.78537776382737E-06,-6.5703900786751E-06,-6.43084926219006E-06,-3.56204234774893E-06,8.15869182346773E-06,-1.26744958661718E-06,-5.64823794979574E-06,-5.53254784962931E-06
-4.78537776382737E-06,-6.5703900786751E-06,-6.43084926219006E-06,-3.56204234774893E-06,8.0724961302181E-06,-1.28458880266358E-06,-5.58081994661563E-06,-5.51919687730162E-06
-4.74063564270821E-06,-6.5703900786751E-06,-6.49862542854984E-06,-3.56204234774893E-06,8.08089796811018E-06,-1.26555501922532E-06,-5.5908084743983E-06,-5.54201079960848E-06
-4.74063564270821E-06,-6.52966610559247E-06,-6.49862542854984E-06,-3.57118779836796E-06,8.09639322696398E-06,-1.23183329669985E-06,-5.59868604499414E-06,-5.55762031462237E-06
-4.74063564270821E-06,-6.52966610559247E-06,-6.49862542854984E-06,-3.57118779836796E-06,8.01213559897818E-06,-1.24862136585691E-06,-5.5328182302361E-06,-5.54454312684527E-06
-4.69711195449918E-06,-6.52966610559247E-06,-6.56582648701776E-06,-3.57118779836796E-06,8.02030343871607E-06,-1.22973126481796E-06,-5.5425045952795E-06,-5.56714715438389E-06
-4.69711195449918E-06,-6.48972897332456E-06,-6.56582648701776E-06,-3.58007576561903E-06,8.03547103966906E-06,-1.19665855402573E-06,-5.55017369974209E-06,-5.58234282399539E-06
-4.69711195449918E-06,-6.48972897332456E-06,-6.56582648701776E-06,-3.58007576561903E-06,7.95309565893021E-06,-1.21310626655102E-06,-5.48581477888277E-06,-5.5695315421822E-06
-4.654772389312E-06,-6.48972897332456E-06,-6.63245788803946E-06,-3.58007576561903E-06,7.96103715128282E-06,-1.19435780931987E-06,-5.49520913706303E-06,-5.59192890614568E-06
-4.654772389312E-06,-6.45055682602091E-06,-6.63245788803946E-06,-3.58871479200218E-06,7.9758870916713E-06,-1.16191577892444E-06,-5.50267739418686E-06,-5.60672554916764E-06
-4.654772389312E-06,-6.45055682602091E-06,-6.63245788803946E-06,-3.58871479200218E-06,7.89534015499527E-06,-1.1780334967515E-06,-5.43978743028362E-06,-5.59417258916284E-06
-4.61358382075616E-06,-6.45055682602091E-06,-6.69852494601664E-06,-3.58871479200218E-06,7.90306264208951E-06,-1.1594247093516E-06,-5.44889952003302E-06,-5.61636641549512E-06
-4.61358382075616E-06,-6.41212852459105E-06,-6.69852494601664E-06,-3.59711309139143E-06,7.9176045426621E-06,-1.12759564907527E-06,-5.45617420888433E-06,-5.63077822457458E-06
-4.61358382075616E-06,-6.41212852459105E-06,-6.69852494601664E-06,-3.59711309139143E-06,7.83883417820874E-06,-1.14339332557556E-06,-5.3947145706168E-06,-5.61847628466339E-06
-4.57351425620089E-06,-6.41212852459105E-06,-6.76403284341487E-06,-3.59711309139143E-06,7.84634470862855E-06,-1.12492229575878E-06,-5.40355373246371E-06,-5.64046959672382E-06
-4.57351425620089E-06,-6.37442362005913E-06,-6.76403284341487E-06,-3.60527856368975E-06,7.86058783042165E-06,-1.09368909395613E-06,-5.41064181280859E-06,-5.65451016765195E-06
-4.57351425620089E-06,-6.37442362005913E-06,-6.76403284341487E-06,-3.60527856368975E-06,7.78354401465009E-06,-1.10917629214669E-06,-5.35057512385251E-06,-5.64245221479354E-06
-4.534532791034E-06,-6.37442362005913E-06,-6.82898663480203E-06,-3.60527856368975E-06,7.79084935764729E-06,-1.09084116783897E-06,-5.35915032040535E-06,-5.66424793913001E-06
-4.534532791034E-06,-6.3374223304713E-06,-6.82898663480203E-06,-3.61321880948395E-06,7.80480261752814E-06,-1.06018728796009E-06,-5.36605844825289E-06,-5.67793030104014E-06
-4.534532791034E-06,-6.3374223304713E-06,-6.82898663480203E-06,-3.61321880948395E-06,7.72943709792528E-06,-1.07537319893325E-06,-5.30734854065074E-06,-5.66610956065361E-06
-4.496609564697E-06,-6.3374223304713E-06,-6.89339125088673E-06,-3.61321880948395E-06,7.73654375585409E-06,-1.05717218645829E-06,-5.31566837524977E-06,-5.68771052877892E-06
